taxon_id,z_pool,p_value,effect_size,direction,n_cohorts,taxon_name,q_value
STR_Abiotrophia_defectiva,-1.1756802427754525,0.23972267658772684,-0.019373126640097826,health_enriched,4,Abiotrophia_defectiva,0.38697921109361133
STR_Abiotrophia_sp_HMSC24B09,-1.3508512392357501,0.1767430905760413,-1.0954811166875311,health_enriched,5,Abiotrophia_sp_HMSC24B09,0.3123396415470783
STR_Actinobaculum_sp_oral_taxon_183,0.6432508907563834,0.5200613163850434,0.1369766989896896,disease_enriched,5,Actinobaculum_sp_oral_taxon_183,0.64813611818136
STR_Actinomyces_SGB17154,2.0821057843759583,0.03733280831463759,0.3585475216938847,disease_enriched,4,Actinomyces_SGB17154,0.09236413316362188
STR_Actinomyces_SGB17168,-2.939605739303649,0.003286301170000625,-3.586013852343329,health_enriched,5,Actinomyces_SGB17168,0.012616374606669065
STR_Actinomyces_bouchesdurhonensis,-2.319625584287225,0.020361140603420806,-5.190884323603913,health_enriched,4,Actinomyces_bouchesdurhonensis,0.05899366785885589
STR_Actinomyces_dentalis,1.6702600306803248,0.09486792746047347,1.2398506560032325,disease_enriched,6,Actinomyces_dentalis,0.18860647483213178
STR_Actinomyces_gerencseriae,0.3094703877013123,0.7569637345077721,0.8296455415289619,disease_enriched,6,Actinomyces_gerencseriae,0.848776149194125
STR_Actinomyces_graevenitzii,-1.429656078302184,0.15281575200569839,-2.7663294513094825,health_enriched,5,Actinomyces_graevenitzii,0.27441108155861965
STR_Actinomyces_israelii,1.7223047054977605,0.08501433576551458,1.304276420564632,disease_enriched,5,Actinomyces_israelii,0.17313895210781627
STR_Actinomyces_johnsonii,-1.1984363309323534,0.23074719576330427,0.6213919705001418,health_enriched,6,Actinomyces_johnsonii,0.3796530216007075
STR_Actinomyces_massiliensis,-2.6652175183496807,0.00769385397226433,-1.51245046239811,health_enriched,6,Actinomyces_massiliensis,0.02622191047690088
STR_Actinomyces_naeslundii,-2.1348046599999084,0.03277696949456743,-0.18353364604634775,health_enriched,6,Actinomyces_naeslundii,0.08293566523625395
STR_Actinomyces_oris,-0.24684323852884538,0.8050295461579319,0.12283154454541126,health_enriched,6,Actinomyces_oris,0.8786923804468929
STR_Actinomyces_sp_ICM47,-3.536554815733018,4.053823657320881e-4,-3.08226974556878,health_enriched,5,Actinomyces_sp_ICM47,0.002219634592697007
STR_Actinomyces_sp_ICM58,-3.328945718731735,8.717539273093359e-4,-2.078955574420284,health_enriched,4,Actinomyces_sp_ICM58,0.004345758383900272
STR_Actinomyces_sp_S6_Spd3,-3.362237278657585,7.731365742047696e-4,-2.519321066241436,health_enriched,5,Actinomyces_sp_S6_Spd3,0.003972732550529124
STR_Actinomyces_sp_oral_taxon_448,-0.7803280948505119,0.43519777995436115,0.2692278294828958,health_enriched,6,Actinomyces_sp_oral_taxon_448,0.5680566393282344
STR_Actinomyces_sp_oral_taxon_897,1.9402026466482176,0.05235506700580783,1.965332553567568,disease_enriched,6,Actinomyces_sp_oral_taxon_897,0.1184157281087471
STR_Actinomyces_timonensis,0.8657138050337466,0.3866471275711528,0.7396827414710565,disease_enriched,2,Actinomyces_timonensis,0.5207263734224397
STR_Aggregatibacter_actinomycetemcomitans,1.1637118660117682,0.24454079902650105,3.5095758181025856,disease_enriched,3,Aggregatibacter_actinomycetemcomitans,0.3907972577744084
STR_Aggregatibacter_aphrophilus,1.7012842298538604,0.08888962781295787,2.9324852046844407,disease_enriched,5,Aggregatibacter_aphrophilus,0.17993415569410867
STR_Aggregatibacter_segnis,2.055079994403857,0.03987127887155088,1.162262398389777,disease_enriched,5,Aggregatibacter_segnis,0.09720443170144522
STR_Aggregatibacter_sp_oral_taxon_458,-2.0867489919803512,0.03691083014407001,-1.177309751819938,health_enriched,6,Aggregatibacter_sp_oral_taxon_458,0.092001621403876
STR_Alloprevotella_SGB1466,-0.777103898724486,0.4370974739741204,-0.9260193379936312,health_enriched,4,Alloprevotella_SGB1466,0.5680566393282344
STR_Alloprevotella_rava,-0.007947426976093505,0.9936589374696748,0.293546399603816,health_enriched,5,Alloprevotella_rava,0.9936589374696748
STR_Alloprevotella_sp_Lung230,-0.08831785437873617,0.9296240486631606,-0.16892865545445682,health_enriched,3,Alloprevotella_sp_Lung230,0.9583161489305421
STR_Alloprevotella_tannerae,2.1025570750360743,0.03550450552406037,1.00217178328212,disease_enriched,6,Alloprevotella_tannerae,0.08916169056418169
STR_Alloscardovia_omnicolens,2.2175121898972963,0.02658811099322063,5.993052713444186,disease_enriched,2,Alloscardovia_omnicolens,0.07161636348173943
STR_Anaeroglobus_geminatus,4.2318909235937126,2.3173479231361422e-5,3.4419330129433243,disease_enriched,6,Anaeroglobus_geminatus,2.036826858756504e-4
STR_Anaerolineaceae_bacterium_oral_taxon_439,4.082998176600244,4.445837196434996e-5,5.241752654738067,disease_enriched,4,Anaerolineaceae_bacterium_oral_taxon_439,3.453278194440206e-4
STR_Arachnia_SGB15898,0.6540793376117034,0.51306069270908,-0.05435547152406421,disease_enriched,5,Arachnia_SGB15898,0.644219065281326
STR_Arachnia_SGB15899,0.5461173354022016,0.584985284279073,-0.7341334575463834,disease_enriched,5,Arachnia_SGB15899,0.7044915870190611
STR_Bacteroidaceae_bacterium,-1.879866902431592,0.060126219677898884,-2.172276370981748,health_enriched,5,Bacteroidaceae_bacterium,0.13299441968488893
STR_Bacteroidaceae_unclassified_SGB1468,-2.3671558478312145,0.017925382719589274,-1.5278940477465779,health_enriched,5,Bacteroidaceae_unclassified_SGB1468,0.05298298963135237
STR_Bacteroides_heparinolyticus,3.0093992785052297,0.00261764856019299,7.089938636457073,disease_enriched,2,Bacteroides_heparinolyticus,0.010793760729684673
STR_Bacteroidetes_oral_taxon_274,2.7269294550650467,0.006392670459612644,1.9054117611844459,disease_enriched,6,Bacteroidetes_oral_taxon_274,0.022241165974068992
STR_Bacteroidetes_unclassified_SGB1343,5.1043112557444275,3.3200144522026876e-7,4.029526098010713,disease_enriched,6,Bacteroidetes_unclassified_SGB1343,4.344105628803824e-6
STR_Bergeyella_cardium,1.8331584660018365,0.06677900852562975,2.766983310143996,disease_enriched,2,Bergeyella_cardium,0.14483239511402818
STR_Bifidobacterium_dentium,0.9110721894376829,0.3622573385861648,4.104062283614911,disease_enriched,3,Bifidobacterium_dentium,0.5063694811091733
STR_Bifidobacterium_longum,1.59726435364153,0.11020679310256924,1.4985048329196116,disease_enriched,2,Bifidobacterium_longum,0.21276918437143427
STR_Bulleidia_extructa,2.2657833557893587,0.023464650947187967,1.5806122166213423,disease_enriched,4,Bulleidia_extructa,0.06530994513633984
STR_Campylobacter_SGB19314,-1.2389610417209591,0.21535992596290884,0.8902231466871297,health_enriched,2,Campylobacter_SGB19314,0.35965107635805776
STR_Campylobacter_SGB19317,-2.0337013032429176,0.04198172069033174,-1.4051889294508428,health_enriched,4,Campylobacter_SGB19317,0.09944606177709789
STR_Campylobacter_SGB19337,-0.04562328365968102,0.9636105108158401,0.4196924260729993,health_enriched,5,Campylobacter_SGB19337,0.9761265355449917
STR_Campylobacter_concisus,-2.4596309204326134,0.013907996077670808,-0.8749002573963056,health_enriched,5,Campylobacter_concisus,0.04301176564761157
STR_Campylobacter_curvus,1.2832434803235195,0.19940678719719185,1.5001243372407163,disease_enriched,3,Campylobacter_curvus,0.34330859239104167
STR_Campylobacter_gracilis,2.4325288952476316,0.014993795106432888,1.5859408888114153,disease_enriched,6,Campylobacter_gracilis,0.04511646455449175
STR_Campylobacter_rectus,5.932688631482265,2.9801369244020955e-9,3.9550634660100332,disease_enriched,5,Campylobacter_rectus,7.109755233930714e-8
STR_Campylobacter_showae,0.6148227667817213,0.5386717722903953,0.28942891748293936,disease_enriched,5,Campylobacter_showae,0.6614572497977649
STR_Candidatus_Absconditabacteria_unclassified_SGB6894,0.746356606195218,0.4554520251767467,1.8811244451970301,disease_enriched,3,Candidatus_Absconditabacteria_unclassified_SGB6894,0.5833017002737771
STR_Candidatus_Gracilibacteria_bacterium_GN02_872,-1.7984354832769072,0.07210802398265163,-3.109572781108428,health_enriched,2,Candidatus_Gracilibacteria_bacterium_GN02_872,0.15243088614054207
STR_Candidatus_Gracilibacteria_bacterium_GN02_873,0.8744404133181344,0.3818784569506836,0.6349171070366837,disease_enriched,4,Candidatus_Gracilibacteria_bacterium_GN02_873,0.5184853846403591
STR_Candidatus_Gracilibacteria_bacterium_HOT_871,-0.8378233438342123,0.4021299261113785,-0.8007864517033668,health_enriched,2,Candidatus_Gracilibacteria_bacterium_HOT_871,0.5359482418565269
STR_Candidatus_Nanoperiomorbus_periodonticus,1.0590567698127493,0.28957392630214895,1.5372891797159265,disease_enriched,6,Candidatus_Nanoperiomorbus_periodonticus,0.44185538382197453
STR_Candidatus_Nanosynbacter_lyticus,2.1679147531109937,0.03016517315210158,2.8707606158727446,disease_enriched,4,Candidatus_Nanosynbacter_lyticus,0.07810207622327077
STR_Candidatus_Nanosynsacchari_sp_TM7_ANC_38_39_G1_1,2.6869887644313226,0.007209937793404513,1.0489505621626216,disease_enriched,6,Candidatus_Nanosynsacchari_sp_TM7_ANC_38_39_G1_1,0.024825971371104198
STR_Candidatus_Saccharibacteria_bacterium_oral_taxon_488,-0.9064520085164808,0.3646966555833959,0.8010805203599844,health_enriched,5,Candidatus_Saccharibacteria_bacterium_oral_taxon_488,0.5063694811091733
STR_Candidatus_Saccharibacteria_bacterium_oral_taxon_955,0.9205473171832196,0.3572868182744181,1.729739126428621,disease_enriched,4,Candidatus_Saccharibacteria_bacterium_oral_taxon_955,0.5063694811091733
STR_Candidatus_Saccharibacteria_unclassified_SGB19782,-1.4920665345348398,0.13568170391246837,-2.4212281892810146,health_enriched,5,Candidatus_Saccharibacteria_unclassified_SGB19782,0.24899829179540897
STR_Candidatus_Saccharibacteria_unclassified_SGB19850,-4.064830727205365,4.806733478240848e-5,-2.3025632907555185,health_enriched,5,Candidatus_Saccharibacteria_unclassified_SGB19850,3.6487476857555525e-4
STR_Capnocytophaga_SGB2480,0.13449021476106768,0.8930149482843677,-0.15428139700237814,disease_enriched,5,Capnocytophaga_SGB2480,0.9350062467930369
STR_Capnocytophaga_SGB2499,0.8498125617025379,0.39542930457427233,0.20347373360348908,disease_enriched,4,Capnocytophaga_SGB2499,0.5304152117582609
STR_Capnocytophaga_gingivalis,-0.9774965707798745,0.3283233746417926,-0.06328094177585475,health_enriched,5,Capnocytophaga_gingivalis,0.48096494355420494
STR_Capnocytophaga_granulosa,0.5855807296712529,0.5581573012473147,0.47983093758968626,disease_enriched,6,Capnocytophaga_granulosa,0.677907413151284
STR_Capnocytophaga_haemolytica,-0.021426711489568935,0.9829052657670817,-1.4207331905973568,health_enriched,2,Capnocytophaga_haemolytica,0.9858569332318478
STR_Capnocytophaga_leadbetteri,-0.18659507309170104,0.8519781300052615,0.37299575039155564,health_enriched,6,Capnocytophaga_leadbetteri,0.9091396019864452
STR_Capnocytophaga_ochracea,1.3232453581934323,0.18575379645580586,0.9379141156505687,disease_enriched,6,Capnocytophaga_ochracea,0.3231342084179123
STR_Capnocytophaga_sp_oral_taxon_332,1.6083035805045414,0.10776870687384084,0.1262547110071593,disease_enriched,4,Capnocytophaga_sp_oral_taxon_332,0.20939942765335579
STR_Capnocytophaga_sp_oral_taxon_338,1.1725083002812668,0.24099304163913518,1.2960833234240838,disease_enriched,3,Capnocytophaga_sp_oral_taxon_338,0.38697921109361133
STR_Capnocytophaga_sp_oral_taxon_863,0.38895207251570013,0.6973116007582221,0.020448443194701016,disease_enriched,2,Capnocytophaga_sp_oral_taxon_863,0.8058895316721321
STR_Capnocytophaga_sputigena,0.18946704212005927,0.8497267838159823,0.25858730049418194,disease_enriched,6,Capnocytophaga_sputigena,0.9091396019864452
STR_Cardiobacterium_hominis,-1.5804958039878123,0.1139933670688115,-0.2406153600199346,health_enriched,5,Cardiobacterium_hominis,0.2181110800056399
STR_Cardiobacterium_valvarum,-0.7080040276385184,0.47894275631769384,0.5978278041417543,health_enriched,5,Cardiobacterium_valvarum,0.6082390897722804
STR_Catonella_morbi,3.285889763502414,0.001016607870005992,2.4415016060339676,disease_enriched,5,Catonella_morbi,0.004920971428724657
STR_Centipeda_periodontii,1.956918666077816,0.05035703159907158,0.3740196020803754,disease_enriched,3,Centipeda_periodontii,0.11520033256225963
STR_Colibacter_massiliensis,1.821420485545342,0.06854296350962054,4.6438813283446425,disease_enriched,2,Colibacter_massiliensis,0.14675224238598242
STR_Corynebacterium_durum,-3.8261340737488023,1.3017141114079683e-4,-1.3007633558447158,health_enriched,6,Corynebacterium_durum,8.051342837227063e-4
STR_Corynebacterium_matruchotii,1.0259468493200765,0.3049166379482484,0.5215098716085198,disease_enriched,6,Corynebacterium_matruchotii,0.4566912873305604
STR_Cryptobacterium_curtum,1.2225546510888652,0.2214979502551079,1.7135932159536633,disease_enriched,2,Cryptobacterium_curtum,0.3662391850752774
STR_Desulfobulbus_oralis,5.633990023938953,1.760872113865736e-8,5.785617795876656,disease_enriched,3,Desulfobulbus_oralis,3.2673960335064217e-7
STR_Desulfomicrobium_orale,2.2845634284264342,0.022338439408787426,7.915949812923335,disease_enriched,2,Desulfomicrobium_orale,0.06289223964723428
STR_Desulfovibrio_sp_OH1186_COT_070,2.5524255799438484,0.010697576033992498,8.186028003023864,disease_enriched,2,Desulfovibrio_sp_OH1186_COT_070,0.034689227139354316
STR_Dialister_invisus,4.503869471515017,6.672720015419422e-6,2.0026728958100692,disease_enriched,6,Dialister_invisus,6.964651516094021e-5
STR_Dialister_pneumosintes,3.24372646796764,0.0011797698214959613,3.5989167292027204,disease_enriched,5,Dialister_pneumosintes,0.005472821116384043
STR_Eggerthia_catenaformis,2.0701010309260126,0.03844288437589643,4.747022525996245,disease_enriched,2,Eggerthia_catenaformis,0.09441120133492212
STR_Eikenella_corrodens,-1.3603533162519823,0.17371814397452834,-0.23627038461668304,health_enriched,5,Eikenella_corrodens,0.3086269153590025
STR_Eikenella_halliae,-1.4306488405314295,0.15253088231497275,-1.670646433023335,health_enriched,2,Eikenella_halliae,0.27441108155861965
STR_Eubacterium_brachy,4.338706643501692,1.4332368325798905e-5,2.1263773951852754,disease_enriched,6,Eubacterium_brachy,1.3297252835602319e-4
STR_Eubacterium_infirmum,2.984268486090385,0.0028425722423798317,2.604828963123396,disease_enriched,4,Eubacterium_infirmum,0.01143878468620318
STR_Eubacterium_nodatum,7.410281228481588,1.2603186706519065e-13,4.877887153615145,disease_enriched,6,Eubacterium_nodatum,1.0523660899943419e-11
STR_Eubacterium_saphenum,6.762624372039909,1.3551425807943672e-11,5.692994428679739,disease_enriched,5,Eubacterium_saphenum,5.029084688725764e-10
STR_Eubacterium_sulci,-3.5580108234112946,3.73673919754487e-4,-1.2466969660187548,health_enriched,5,Eubacterium_sulci,0.002115374393186418
STR_Eubacterium_yurii,1.8290432895291593,0.06739312345544608,2.1041376101695013,disease_enriched,5,Eubacterium_yurii,0.14522131118786447
STR_Filifactor_alocis,7.95483874464166,1.793649702617294e-15,5.59367140992205,disease_enriched,6,Filifactor_alocis,5.990790006741763e-13
STR_Fretibacterium_fastidiosum,6.197973691042691,5.719469789312072e-10,4.5308914944168945,disease_enriched,6,Fretibacterium_fastidiosum,1.591919091358527e-8
STR_Fusobacterium_hwasookii,0.9152788965241728,0.3600452349914017,2.8344556347241947,disease_enriched,3,Fusobacterium_hwasookii,0.5063694811091733
STR_Fusobacterium_nucleatum,5.729542386714499,1.0070192496650887e-8,1.6021986223819291,disease_enriched,6,Fusobacterium_nucleatum,1.9784966434596448e-7
STR_Fusobacterium_pseudoperiodonticum,-1.938639580967246,0.05254524038003653,-0.5357241421444999,health_enriched,5,Fusobacterium_pseudoperiodonticum,0.1184157281087471
STR_GGB10022_SGB15896,-0.031307591296932835,0.9750242363975772,-1.618411284551897,health_enriched,5,GGB10022_SGB15896,0.9808978763758759
STR_GGB1022_SGB1315,4.521308275752364,6.1458608730733985e-6,3.3584184897229172,disease_enriched,6,GGB1022_SGB1315,6.62166945679521e-5
STR_GGB1022_SGB1316,2.9799799617161904,0.002882672398858403,10.495994780426786,disease_enriched,2,GGB1022_SGB1316,0.011462054538317936
STR_GGB1025_SGB1319,2.799562796381924,0.005117186226947559,4.027969461980688,disease_enriched,6,GGB1025_SGB1319,0.01838630975254111
STR_GGB1026_SGB1321,-2.1415464171277296,0.032229999489192925,-1.590414967519352,health_enriched,3,GGB1026_SGB1321,0.08217419717091937
STR_GGB10852_SGB17523,7.003710454481529,2.4927100733871002e-12,5.156105495236828,disease_enriched,6,GGB10852_SGB17523,1.0407064556391143e-10
STR_GGB1138_SGB1455,1.2736564677345066,0.20278519061450417,1.882658611631577,disease_enriched,2,GGB1138_SGB1455,0.3440551894899191
STR_GGB1188_SGB1538,5.845182488736648,5.060132309240419e-9,7.264229815173283,disease_enriched,5,GGB1188_SGB1538,1.1267227941908666e-7
STR_GGB1201_SGB1566,2.2487578237141435,0.024527908070436,1.86412281686443,disease_enriched,5,GGB1201_SGB1566,0.06729907528261576
STR_GGB1202_SGB1567,0.13928860713463245,0.8892220923113446,0.8239758797269808,disease_enriched,3,GGB1202_SGB1567,0.934785270919807
STR_GGB1203_SGB1568,-1.0734565025783471,0.28306634486964205,-0.32713431888394473,health_enriched,5,GGB1203_SGB1568,0.4387801406049597
STR_GGB12441_SGB19290,-0.3321477992118647,0.7397776583666804,0.4450961979760512,health_enriched,4,GGB12441_SGB19290,0.8404276799131675
STR_GGB12443_SGB19313,1.0087567784865865,0.31309129415462583,0.8957987776709632,disease_enriched,2,GGB12443_SGB19313,0.4647666322117557
STR_GGB12761_SGB19791,0.15122778735696102,0.8797960312266144,0.11734475685246941,disease_enriched,3,GGB12761_SGB19791,0.9299109950306621
STR_GGB12762_SGB19792,0.6325756832204308,0.5270107707694299,2.9599266711780814,disease_enriched,3,GGB12762_SGB19792,0.6517602175187253
STR_GGB12763_SGB19797,-3.1023701206206753,0.0019197776802822727,-3.022075701109593,health_enriched,4,GGB12763_SGB19797,0.008436917700187882
STR_GGB12783_SGB19821,1.1856399465698406,0.23576451972707962,3.173468021916687,disease_enriched,2,GGB12783_SGB19821,0.38600661563159117
STR_GGB12785_SGB19823,-1.231682560228788,0.21806768694272854,-0.9456280692538155,health_enriched,4,GGB12785_SGB19823,0.36236123103916085
STR_GGB12785_SGB19825,0.46475396284969167,0.6421076594434194,1.091403718017745,disease_enriched,3,GGB12785_SGB19825,0.75250511668106
STR_GGB12785_SGB19827,-1.8477852361641516,0.06463341753709084,-4.055741051093331,health_enriched,4,GGB12785_SGB19827,0.14202343064071277
STR_GGB12788_SGB19831,0.8868952686902933,0.37513528917901356,1.8577861179018287,disease_enriched,4,GGB12788_SGB19831,0.5135048630565185
STR_GGB12790_SGB19844,0.8272457628934795,0.40809777821573784,0.9927008821466401,disease_enriched,5,GGB12790_SGB19844,0.5408914996986366
STR_GGB12790_SGB19845,2.795959392420175,0.005174590169876839,1.8665538717148948,disease_enriched,6,GGB12790_SGB19845,0.01838630975254111
STR_GGB12796_SGB19893,2.448319724497482,0.014352423286721695,1.4251150589651433,disease_enriched,4,GGB12796_SGB19893,0.043579176161500414
STR_GGB1472_SGB2037,-0.6359711589410562,0.5247952203943297,-1.0373527827297808,health_enriched,4,GGB1472_SGB2037,0.6516044743929595
STR_GGB1472_SGB2038,0.03718049377648123,0.9703410915688094,1.5842256599781381,disease_enriched,3,GGB1472_SGB2038,0.9791357238186779
STR_GGB1474_SGB2040,-1.1811166073269914,0.23755640341677894,-2.360214046702847,health_enriched,3,GGB1474_SGB2040,0.38697921109361133
STR_GGB1611_SGB2208,3.8501503093465463,1.1804535865048751e-4,3.6471991985414216,disease_enriched,5,GGB1611_SGB2208,7.582144190242852e-4
STR_GGB1832_SGB2476,-0.7657120294532271,0.44384766775918305,0.4006584416482507,health_enriched,3,GGB1832_SGB2476,0.5745934923704153
STR_GGB1833_SGB2477,0.2321990217714594,0.8163834375093886,0.1248780875897102,disease_enriched,4,GGB1833_SGB2477,0.8795873165423734
STR_GGB1843_SGB2524,-3.659658174760593,2.5255191353020504e-4,-1.0021043361098858,health_enriched,6,GGB1843_SGB2524,0.0014543506744670429
STR_GGB1844_SGB2532,2.1435450412563197,0.032069358429815696,2.1508749395735376,disease_enriched,2,GGB1844_SGB2532,0.08217419717091937
STR_GGB2665_SGB3591,5.187950590354651,2.126209952655833e-7,8.555864891180992,disease_enriched,4,GGB2665_SGB3591,2.9589755174460344e-6
STR_GGB2672_SGB3600,-1.0645497148367922,0.28707974562143396,-1.1671614835642767,health_enriched,3,GGB2672_SGB3600,0.44185538382197453
STR_GGB2674_SGB3609,2.8278315970321812,0.004686445216618629,5.184576231684197,disease_enriched,2,GGB2674_SGB3609,0.017200798926929915
STR_GGB2676_SGB3611,3.4518920012182748,5.566704917835066e-4,6.137060850877205,disease_enriched,3,GGB2676_SGB3611,0.0029988378105756646
STR_GGB3008_SGB3999,-1.7804954479902295,0.07499491362888262,-1.64742456555089,health_enriched,3,GGB3008_SGB3999,0.15685893736420134
STR_GGB3385_SGB4471,-0.8176787735440499,0.4135406340112841,-0.4962474817561841,health_enriched,3,GGB3385_SGB4471,0.5459390188133157
STR_GGB3385_SGB4472,1.4053560392686593,0.15991543207714956,1.2529454692216266,disease_enriched,6,GGB3385_SGB4472,0.28562435461908
STR_GGB3386_SGB4474,3.9084509454636263,9.288980292288589e-5,5.4538511257943805,disease_enriched,3,GGB3386_SGB4474,6.46358212005081e-4
STR_GGB3388_SGB4476,0.9065623212986396,0.36463829440985024,1.2960828939746245,disease_enriched,4,GGB3388_SGB4476,0.5063694811091733
STR_GGB3394_SGB4498,-3.2447962866284317,0.0011753467356986943,-2.5466231182501704,health_enriched,5,GGB3394_SGB4498,0.005472821116384043
STR_GGB3886_SGB5269,-2.1821720622023086,0.02909683637341994,-3.264145066697108,health_enriched,5,GGB3886_SGB5269,0.07592455741189266
STR_GGB3887_SGB5270,0.9556230504856597,0.33926271160657523,0.6637676150414719,disease_enriched,4,GGB3887_SGB5270,0.4948198501161403
STR_GGB4308_SGB5895,-0.2522894807387503,0.8008173183738869,0.8791909376017695,health_enriched,5,GGB4308_SGB5895,0.8769606043832072
STR_GGB4333_SGB5935,7.208559420153815,5.654689585669877e-13,6.670980333353306,disease_enriched,6,GGB4333_SGB5935,3.147777202689565e-11
STR_GGB4395_SGB6050,-1.835902188135888,0.06637212403047163,-0.8339860634837777,health_enriched,5,GGB4395_SGB6050,0.14483239511402818
STR_GGB4400_SGB6074,-0.5370364877700333,0.5912424103366094,-1.0938429526371745,health_enriched,4,GGB4400_SGB6074,0.7077955736646149
STR_GGB4533_SGB6246,-0.04641644769620225,0.9629783272760406,0.35977196980423237,health_enriched,6,GGB4533_SGB6246,0.9761265355449917
STR_GGB4538_SGB6253,-2.247904236835077,0.024582296959518333,-1.4842116629107747,health_enriched,5,GGB4538_SGB6253,0.06729907528261576
STR_GGB4538_SGB6256,-2.4603190839444666,0.01388135386997752,-1.19577815085407,health_enriched,5,GGB4538_SGB6256,0.04301176564761157
STR_GGB4721_SGB6537,0.6451794318426309,0.5188109135431818,-0.7996474940674677,disease_enriched,4,GGB4721_SGB6537,0.64813611818136
STR_GGB4733_SGB6557,0.06846302993950151,0.9454170488307871,0.28378634469119923,disease_enriched,2,GGB4733_SGB6557,0.9686174672070028
STR_GGB4786_SGB6625,-1.6823922875582007,0.09249279593365858,-1.9975374678475224,health_enriched,2,GGB4786_SGB6625,0.18498559186731717
STR_GGB49229_SGB69060,5.45428975265992,4.916897156030326e-8,5.41980148008072,disease_enriched,5,GGB49229_SGB69060,8.211218250570643e-7
STR_GGB4936_SGB6889,-2.2250014165672045,0.026081143051133845,-3.9135223749425463,health_enriched,5,GGB4936_SGB6889,0.0708219656835667
STR_GGB6675_SGB9425,-0.601229773453067,0.5476869564610549,0.46330720025295796,health_enriched,4,GGB6675_SGB9425,0.6689609104382451
STR_GGB6814_SGB9728,-1.693548515971873,0.09035110827731023,-1.6115835112167605,health_enriched,4,GGB6814_SGB9728,0.1817907841242266
STR_Gemella_haemolysans,-0.917074023305256,0.3591038521505867,-0.5213324016360846,health_enriched,5,Gemella_haemolysans,0.5063694811091733
STR_Gemella_morbillorum,0.6581004126605449,0.5104736107250305,0.05664531071574266,disease_enriched,6,Gemella_morbillorum,0.6433893810647554
STR_Gemella_sanguinis,-2.1965113970974337,0.02805536031588008,-2.5146374294671743,health_enriched,5,Gemella_sanguinis,0.07474485193146588
STR_Granulicatella_adiacens,-1.0094249941506384,0.31277085660286424,-0.5950944643396175,health_enriched,6,Granulicatella_adiacens,0.4647666322117557
STR_Granulicatella_elegans,0.9179019843675481,0.3586701826817903,-0.5940749095526079,disease_enriched,5,Granulicatella_elegans,0.5063694811091733
STR_Haemophilus_haemolyticus,-2.5925512855935824,0.009526697611136116,-0.6339077472719474,health_enriched,4,Haemophilus_haemolyticus,0.031504128733856065
STR_Haemophilus_influenzae,-0.897468454365366,0.369468999064026,0.6529560835286425,health_enriched,3,Haemophilus_influenzae,0.5078298176435584
STR_Haemophilus_parahaemolyticus,-1.808995280664379,0.07045173653776449,-0.7690979591764779,health_enriched,5,Haemophilus_parahaemolyticus,0.14987821658352446
STR_Haemophilus_parainfluenzae,-3.2589743113887453,0.001118157920876059,-1.0619832817108807,health_enriched,6,Haemophilus_parainfluenzae,0.005335210651037196
STR_Haemophilus_paraphrohaemolyticus,-0.2615586332172493,0.7936617398374103,0.09975507862917406,health_enriched,3,Haemophilus_paraphrohaemolyticus,0.874861455794373
STR_Haemophilus_sputorum,-0.08308337258108321,0.9337852468891724,0.8666481105714744,health_enriched,5,Haemophilus_sputorum,0.9596439152645648
STR_Isoptericola_variabilis,-1.65858022824082,0.09720040864927926,-0.698448816225622,health_enriched,6,Isoptericola_variabilis,0.1921002159104099
STR_Johnsonella_ignava,0.6298031109493863,0.5288234100226783,0.5653454285109057,disease_enriched,4,Johnsonella_ignava,0.6517602175187253
STR_Kingella_denitrificans,-0.6748864916090094,0.4997478834881741,0.9287554002743474,health_enriched,5,Kingella_denitrificans,0.6322567919888263
STR_Kingella_oralis,0.187197291860621,0.8515059480904472,0.12331974017426006,disease_enriched,4,Kingella_oralis,0.9091396019864452
STR_Kytococcus_sedentarius,-0.235323021600271,0.8139580281152031,-0.847398144774844,health_enriched,6,Kytococcus_sedentarius,0.8795873165423734
STR_Lachnoanaerobaculum_orale,-0.8700689021528293,0.38426275107691804,-0.6051351211986857,health_enriched,5,Lachnoanaerobaculum_orale,0.5196103597558326
STR_Lachnoanaerobaculum_saburreum,1.5588312925045693,0.11903631567829102,1.318512886449556,disease_enriched,5,Lachnoanaerobaculum_saburreum,0.22336027773342249
STR_Lachnoanaerobaculum_sp_ICM7,-0.9996801936033864,0.3174653001817322,-0.03419006262626736,health_enriched,5,Lachnoanaerobaculum_sp_ICM7,0.46917438168450687
STR_Lachnospiraceae_bacterium_oral_taxon_096,-0.5995768312172082,0.5487882917966442,0.46683173992063143,health_enriched,5,Lachnospiraceae_bacterium_oral_taxon_096,0.6689609104382451
STR_Lachnospiraceae_bacterium_oral_taxon_500,4.905313562603381,9.327820434127049e-7,2.472160455616671,disease_enriched,6,Lachnospiraceae_bacterium_oral_taxon_500,1.1126757232137266e-5
STR_Lancefieldella_parvula,-0.9051717866718206,0.3653743860697927,-0.9199082307756561,health_enriched,5,Lancefieldella_parvula,0.5063694811091733
STR_Lancefieldella_rimae,1.484736748052035,0.1376135731118607,2.147154477827529,disease_enriched,5,Lancefieldella_rimae,0.2511635705976037
STR_Lautropia_dentalis,-1.9974898916358559,0.04577199145958285,-1.0221283143808104,health_enriched,4,Lautropia_dentalis,0.10543341481034947
STR_Lautropia_mirabilis,-4.024406678501682,5.7119138293444445e-5,-0.2383941075710395,health_enriched,6,Lautropia_mirabilis,4.2395093755578765e-4
STR_Leptotrichia_buccalis,2.3010241897442274,0.02139026381910742,1.2493108035870082,disease_enriched,5,Leptotrichia_buccalis,0.06106280440668272
STR_Leptotrichia_hofstadii,-0.3259072538543798,0.7444945273067868,0.20925972324794037,health_enriched,6,Leptotrichia_hofstadii,0.8416028801805431
STR_Leptotrichia_hongkongensis,-0.7626236765085677,0.4456878601924125,-0.6470979606526648,health_enriched,4,Leptotrichia_hongkongensis,0.5747480513678216
STR_Leptotrichia_massiliensis,0.7457580188393091,0.45581360410615523,0.5908755735740195,disease_enriched,4,Leptotrichia_massiliensis,0.5833017002737771
STR_Leptotrichia_sp_oral_taxon_212,0.5440991620041579,0.5863732370996976,0.5766555587618616,disease_enriched,6,Leptotrichia_sp_oral_taxon_212,0.7044915870190611
STR_Leptotrichia_sp_oral_taxon_215,-1.267924651263234,0.20482485985404622,-0.11317278303608963,health_enriched,4,Leptotrichia_sp_oral_taxon_215,0.34551264238005774
STR_Leptotrichia_sp_oral_taxon_498,1.93633913957426,0.05282617810839317,3.0117229298551793,disease_enriched,5,Leptotrichia_sp_oral_taxon_498,0.1184157281087471
STR_Leptotrichia_trevisanii,2.283384760802894,0.02240771412581102,4.449748511452064,disease_enriched,3,Leptotrichia_trevisanii,0.06289223964723428
STR_Leptotrichia_wadei,0.2380582067417623,0.8118359491403451,0.263509678179263,disease_enriched,5,Leptotrichia_wadei,0.8795873165423734
STR_Megasphaera_micronuciformis,-0.39766855476603796,0.6908745195114931,-0.8871083880641767,health_enriched,5,Megasphaera_micronuciformis,0.8012225330445789
STR_Mitsuokella_sp_oral_taxon_131,0.8028809901903785,0.42204352452756494,3.643491893965301,disease_enriched,2,Mitsuokella_sp_oral_taxon_131,0.5549706188669555
STR_Mogibacterium_diversum,-1.111687293714728,0.26627262487572384,-1.3884128921761243,health_enriched,5,Mogibacterium_diversum,0.41558437714248486
STR_Mogibacterium_timidum,5.325786585536037,1.0051709525068833e-7,3.15407361116412,disease_enriched,5,Mogibacterium_timidum,1.489040955911247e-6
STR_Mycoplasma_salivarium,1.0719065518748943,0.28376200709781824,0.798593046436409,disease_enriched,3,Mycoplasma_salivarium,0.4387801406049597
STR_Neisseria_bacilliformis,0.12778339582361306,0.8983203905442699,0.05062749909140446,disease_enriched,4,Neisseria_bacilliformis,0.9376219076305817
STR_Neisseria_elongata,-0.9178292526272923,0.3587082649160888,0.33438756978118495,health_enriched,6,Neisseria_elongata,0.5063694811091733
STR_Neisseria_sicca,-0.7771197214174624,0.4370881396120376,-0.16004840003181,health_enriched,6,Neisseria_sicca,0.5680566393282344
STR_Neisseria_sp_KEM232,1.1473829739550563,0.25122337481197915,1.531257347610297,disease_enriched,2,Neisseria_sp_KEM232,0.3995647961295287
STR_Neisseria_sp_oral_taxon_014,-1.325244079339464,0.18509020972440218,0.09301035411037115,health_enriched,6,Neisseria_sp_oral_taxon_014,0.3231342084179123
STR_Neisseria_subflava,-2.534408908097744,0.011263720788875704,-0.3176753997055325,health_enriched,6,Neisseria_subflava,0.035829359461757
STR_Olsenella_sp_oral_taxon_807,2.7991673606820884,0.005123457469222572,1.4509018204496478,disease_enriched,6,Olsenella_sp_oral_taxon_807,0.01838630975254111
STR_Olsenella_uli,2.0501157249605884,0.0403531392420171,4.2795987764882994,disease_enriched,3,Olsenella_uli,0.09766629352778051
STR_Oribacterium_SGB5283,-1.531059633577541,0.12575465506180478,0.1500919360505646,health_enriched,3,Oribacterium_SGB5283,0.23464835078571394
STR_Oribacterium_asaccharolyticum,-1.5156318933688853,0.12961245781864408,-0.8099501290959993,health_enriched,4,Oribacterium_asaccharolyticum,0.24050311617459513
STR_Oribacterium_parvum,-3.835873638357978,1.2511872947891417e-4,-3.4441590894284184,health_enriched,5,Oribacterium_parvum,7.884840687916477e-4
STR_Oribacterium_sinus,-3.420086537890076,6.260121792808609e-4,-2.5966029551259164,health_enriched,5,Oribacterium_sinus,0.003267001060621993
STR_Oribacterium_sp_oral_taxon_078,2.644180260489136,0.008188903290347145,1.8763549006234594,disease_enriched,4,Oribacterium_sp_oral_taxon_078,0.027627209080565113
STR_Ottowia_sp_Marseille_P4747,1.0455576884585978,0.2957652929496022,-0.7536449408196264,disease_enriched,5,Ottowia_sp_Marseille_P4747,0.44902549020530513
STR_Parvimonas_SGB6649,0.45409413130701426,0.6497610770986093,0.15813148660977455,disease_enriched,4,Parvimonas_SGB6649,0.7588118872410333
STR_Parvimonas_micra,4.486383973010335,7.244213806024733e-6,2.3736600890146358,disease_enriched,6,Parvimonas_micra,7.332022458218971e-5
STR_Pauljensenia_hongkongensis,-0.04458713481220989,0.9644363973947523,0.19659627080118636,health_enriched,6,Pauljensenia_hongkongensis,0.9761265355449917
STR_Peptidiphaga_gingivicola,3.5471424363445947,3.8943398257579624e-4,1.9605657102983263,disease_enriched,6,Peptidiphaga_gingivicola,0.0021678491696719322
STR_Peptoanaerobacter_stomatis,3.7850505013922744,1.5367736792145972e-4,4.406614981330917,disease_enriched,3,Peptoanaerobacter_stomatis,9.332407433775917e-4
STR_Peptostreptococcaceae_bacterium_oral_taxon_113,3.9376850909537335,8.227146661361332e-5,7.551913507074342,disease_enriched,4,Peptostreptococcaceae_bacterium_oral_taxon_113,5.846525499775925e-4
STR_Peptostreptococcus_SGB749,-3.664136619757257,2.4817429916758007e-4,-2.558387413616424,health_enriched,5,Peptostreptococcus_SGB749,0.0014542143144205568
STR_Peptostreptococcus_stomatis,5.322166331765595,1.0253874846095413e-7,4.931939263753712,disease_enriched,6,Peptostreptococcus_stomatis,1.489040955911247e-6
STR_Phocaeicola_abscessus,5.825654134673964,5.688932560032536e-9,5.623885096060366,disease_enriched,4,Phocaeicola_abscessus,1.1875646719067918e-7
STR_Porphyromonas_catoniae,-1.7376388663236995,0.0822744669151282,-1.245052920871793,health_enriched,5,Porphyromonas_catoniae,0.16946794776261645
STR_Porphyromonas_endodontalis,6.594050811223245,4.2798512366845636e-11,2.9752459480988307,disease_enriched,6,Porphyromonas_endodontalis,1.4294703130526443e-9
STR_Porphyromonas_gingivalis,7.504292233955399,6.176138313544838e-14,5.9911520036452846,disease_enriched,6,Porphyromonas_gingivalis,1.031415098361988e-11
STR_Porphyromonas_pasteri,-4.164904446358559,3.1148299297215945e-5,-0.7041621795806955,health_enriched,6,Porphyromonas_pasteri,2.600882991317531e-4
STR_Porphyromonas_sp_oral_taxon_278,1.1295327206008845,0.25867317450166694,0.49445071977324145,disease_enriched,5,Porphyromonas_sp_oral_taxon_278,0.40753226548847526
STR_Prevotella_aurantiaca,-0.8815041276825528,0.3780450208924884,-1.4851257171530368,health_enriched,3,Prevotella_aurantiaca,0.5153756611350658
STR_Prevotella_baroniae,4.3517166113482615,1.3507578099528849e-5,3.9518013938784167,disease_enriched,5,Prevotella_baroniae,1.289008881497896e-4
STR_Prevotella_buccae,2.9502281360437443,0.0031753936406436153,2.8068264702527603,disease_enriched,3,Prevotella_buccae,0.012477429129117264
STR_Prevotella_conceptionensis,2.023669428401145,0.04300417616539276,1.1040069741170304,disease_enriched,6,Prevotella_conceptionensis,0.10115066788198016
STR_Prevotella_dentalis,5.100831843452666,3.381639112242498e-7,5.257493053223866,disease_enriched,5,Prevotella_dentalis,4.344105628803824e-6
STR_Prevotella_denticola,2.493256997518892,0.012657719273617926,2.5237157135746524,disease_enriched,6,Prevotella_denticola,0.039883756956494223
STR_Prevotella_enoeca,1.5660168755174082,0.11734466650049535,3.6357264587640477,disease_enriched,3,Prevotella_enoeca,0.2226881739270764
STR_Prevotella_fusca,1.5792454988949995,0.11427975748798497,2.1382853324266446,disease_enriched,2,Prevotella_fusca,0.2181110800056399
STR_Prevotella_histicola,0.575344539820416,0.565058304381961,-0.06608669248371868,disease_enriched,5,Prevotella_histicola,0.6838024408100544
STR_Prevotella_intermedia,7.3399783077882095,2.136284755957608e-13,5.4016512046051774,disease_enriched,6,Prevotella_intermedia,1.427038216979682e-11
STR_Prevotella_jejuni,-1.4792798250469108,0.13906554263955725,0.6100325876624084,health_enriched,4,Prevotella_jejuni,0.2524341915305007
STR_Prevotella_koreensis,5.60753422261985,2.0522944151646466e-8,6.13059548719353,disease_enriched,4,Prevotella_koreensis,3.6077175508683785e-7
STR_Prevotella_loescheii,-0.36257135429531095,0.7169251121330537,-0.19021384442777026,health_enriched,6,Prevotella_loescheii,0.8256999567325515
STR_Prevotella_maculosa,2.0344977050128787,0.04190143975870601,1.7478449035832238,disease_enriched,5,Prevotella_maculosa,0.09944606177709789
STR_Prevotella_marshii,2.904448474078396,0.0036790075403531903,3.0013723737402205,disease_enriched,4,Prevotella_marshii,0.013963505891795062
STR_Prevotella_melaninogenica,-0.9340968665110905,0.3502539281689708,-0.4825363586311312,health_enriched,5,Prevotella_melaninogenica,0.5063694811091733
STR_Prevotella_micans,4.195583215118179,2.721703343292956e-5,4.790323102745496,disease_enriched,3,Prevotella_micans,2.3308946581021727e-4
STR_Prevotella_multiformis,4.38132817739357,1.1795804556192864e-5,6.565454820211485,disease_enriched,4,Prevotella_multiformis,1.1587643299318873e-4
STR_Prevotella_nanceiensis,-3.979806257984564,6.897145475447292e-5,-2.1547863427388285,health_enriched,5,Prevotella_nanceiensis,5.007927366955208e-4
STR_Prevotella_nigrescens,2.0375745555556697,0.04159249881808487,1.0596428914748361,disease_enriched,6,Prevotella_nigrescens,0.09944606177709789
STR_Prevotella_oralis,0.8988061363809253,0.3687559309922597,0.8099851832191647,disease_enriched,4,Prevotella_oralis,0.5078298176435584
STR_Prevotella_oris,2.3550378806953622,0.018520817554877625,1.2972595114306515,disease_enriched,6,Prevotella_oris,0.05426274616955374
STR_Prevotella_oulorum,0.49463950064326195,0.6208546140668947,0.23318364662778532,disease_enriched,6,Prevotella_oulorum,0.7327400745524482
STR_Prevotella_pallens,-0.9836042269100402,0.3253101460292891,-0.24562283717794525,health_enriched,5,Prevotella_pallens,0.4786501708096148
STR_Prevotella_pleuritidis,2.587972987811778,0.009654255106890096,2.3166137994040357,disease_enriched,5,Prevotella_pleuritidis,0.03161295299707149
STR_Prevotella_saccharolytica,1.778038471229724,0.07539753663254371,1.999377475762291,disease_enriched,5,Prevotella_saccharolytica,0.15685893736420134
STR_Prevotella_salivae,-0.2780723116789419,0.7809568499152063,-0.13125641930243886,health_enriched,5,Prevotella_salivae,0.8694652929055963
STR_Prevotella_scopos,-3.8516134201264514,1.1734215980049387e-4,-4.57167539893318,health_enriched,3,Prevotella_scopos,7.582144190242852e-4
STR_Prevotella_shahii,-4.308705206071308,1.642130724993145e-5,-3.6681265463544133,health_enriched,4,Prevotella_shahii,1.4823558436424607e-4
STR_Prevotella_sp_A2879,-2.1945323668249452,0.02819715971067276,-2.824742276298584,health_enriched,4,Prevotella_sp_A2879,0.07474485193146588
STR_Prevotella_sp_F0091,0.23411966842352983,0.8148920770114785,1.2160567005273621,disease_enriched,4,Prevotella_sp_F0091,0.8795873165423734
STR_Prevotella_sp_HJM029,-2.01871110557588,0.04351725503872643,-1.4773484205653749,health_enriched,4,Prevotella_sp_HJM029,0.10164170057996244
STR_Prevotella_sp_oral_taxon_473,3.1922710002271386,0.0014115882588045863,1.974940124049507,disease_enriched,3,Prevotella_sp_oral_taxon_473,0.006458499704667559
STR_Prevotella_veroralis,2.0117506936831844,0.044246223865050005,2.520154940408022,disease_enriched,6,Prevotella_veroralis,0.10262665813143544
STR_Prevotellaceae_bacterium_Marseille_P2826,-3.8857514011848,1.020138600689238e-4,-2.480553952522809,health_enriched,3,Prevotellaceae_bacterium_Marseille_P2826,6.953597808779704e-4
STR_Propionibacterium_acidifaciens,-0.13829770632381636,0.8900051381811336,-2.212207893442272,health_enriched,2,Propionibacterium_acidifaciens,0.934785270919807
STR_Pseudoleptotrichia_goodfellowii,1.930428230473616,0.053553799843983715,0.7113059952475234,disease_enriched,2,Pseudoleptotrichia_goodfellowii,0.11924646098593707
STR_Pseudopropionibacterium_massiliense,-0.8366959448624129,0.4027634991197253,-1.377980966093732,health_enriched,2,Pseudopropionibacterium_massiliense,0.5359482418565269
STR_Pseudopropionibacterium_propionicum,-0.4413509665080933,0.6589589341778892,0.11546901864672769,health_enriched,5,Pseudopropionibacterium_propionicum,0.7668720697401219
STR_Pseudoramibacter_alactolyticus,0.2563707924954417,0.7976645385900658,3.1009791620420906,disease_enriched,2,Pseudoramibacter_alactolyticus,0.8763814338456644
STR_Rothia_aeria,-3.4204330916193246,6.252151325990082e-4,-0.8293579960657542,health_enriched,6,Rothia_aeria,0.003267001060621993
STR_Rothia_dentocariosa,-1.042354082220302,0.2972475468948299,-0.3031880999175553,health_enriched,6,Rothia_dentocariosa,0.44923384915327236
STR_Rothia_mucilaginosa,-2.44898120642997,0.014326092289212857,-1.715989964601897,health_enriched,4,Rothia_mucilaginosa,0.043579176161500414
STR_SR1_bacterium_human_oral_taxon_HOT_345,1.3296697000670192,0.18362712223977565,2.1210639484369036,disease_enriched,4,SR1_bacterium_human_oral_taxon_HOT_345,0.3227971517267635
STR_Scardovia_wiggsiae,1.6080033924183388,0.10783443579753652,2.026629809798788,disease_enriched,5,Scardovia_wiggsiae,0.20939942765335579
STR_Schaalia_cardiffensis,2.7798414549051964,0.005438544376668873,5.971210601261778,disease_enriched,2,Schaalia_cardiffensis,0.01912077707165688
STR_Schaalia_georgiae,1.7352054720208743,0.08270441762067808,1.1335681824659336,disease_enriched,2,Schaalia_georgiae,0.16946794776261645
STR_Schaalia_meyeri,-0.1785150382065809,0.8583185120974682,0.13315007552841562,health_enriched,3,Schaalia_meyeri,0.9100901048906489
STR_Selenomonas_SGB5880,-2.317273851426348,0.020488818777327195,-1.2187226952256303,health_enriched,4,Selenomonas_SGB5880,0.05899366785885589
STR_Selenomonas_SGB5891,-0.26826606856970026,0.7884945225946994,-0.08338133403613222,health_enriched,4,Selenomonas_SGB5891,0.872043611081555
STR_Selenomonas_SGB5892,2.8519229487077142,0.0043455632671603114,2.3374147236765532,disease_enriched,2,Selenomonas_SGB5892,0.016153035294041187
STR_Selenomonas_artemidis,-0.17900741985364454,0.8579318755993515,1.4333323658240027,health_enriched,6,Selenomonas_artemidis,0.9100901048906489
STR_Selenomonas_flueggei,0.9470400709045652,0.34361836055033373,2.0888545840070805,disease_enriched,3,Selenomonas_flueggei,0.4989936192339629
STR_Selenomonas_infelix,-1.2795146337790602,0.2007158897441117,-0.7182824472413942,health_enriched,3,Selenomonas_infelix,0.3437902932027349
STR_Selenomonas_massiliensis,2.1829528356645955,0.029039283482455,2.0896484403225095,disease_enriched,3,Selenomonas_massiliensis,0.07592455741189266
STR_Selenomonas_noxia,0.09674119585732809,0.9229319236795667,0.8730775359329787,disease_enriched,6,Selenomonas_noxia,0.9543630418234528
STR_Selenomonas_sp_FOBRC6,-1.3099957841500258,0.19019726178915153,-0.19021363061315386,health_enriched,3,Selenomonas_sp_FOBRC6,0.32914966547967156
STR_Selenomonas_sp_oral_taxon_126,3.1787013451642183,0.0014793643219742011,2.5842986182235,disease_enriched,4,Selenomonas_sp_oral_taxon_126,0.006677130858640312
STR_Selenomonas_sp_oral_taxon_892,-0.2744321793505052,0.7837525163622081,-3.136409884659536,health_enriched,2,Selenomonas_sp_oral_taxon_892,0.8696788719766694
STR_Selenomonas_sp_oral_taxon_920,1.5040718058541633,0.13256287890818827,2.3745559149550424,disease_enriched,2,Selenomonas_sp_oral_taxon_920,0.24461879312339713
STR_Selenomonas_sputigena,3.339034094967368,8.407024506188077e-4,2.448937248555895,disease_enriched,6,Selenomonas_sputigena,0.0042544639167679055
STR_Shuttleworthia_satelles,1.6391985596303549,0.10117191372652734,1.6491047165071775,disease_enriched,4,Shuttleworthia_satelles,0.19877305402741252
STR_Slackia_exigua,0.710681967058313,0.4772813367793337,2.6320025511841245,disease_enriched,3,Slackia_exigua,0.6082390897722804
STR_Solobacterium_SGB6833,-0.9278535917066424,0.35348352027210544,-0.5005583691803449,health_enriched,5,Solobacterium_SGB6833,0.5063694811091733
STR_Stomatobaculum_SGB5266,-3.3200421397066946,9.000386131031406e-4,-1.56182966028479,health_enriched,5,Stomatobaculum_SGB5266,0.0044207778937713086
STR_Stomatobaculum_longum,1.1751988257130368,0.23991517994034084,-0.01415562236791408,disease_enriched,5,Stomatobaculum_longum,0.38697921109361133
STR_Streptococcus_anginosus,4.623620556875081,3.7709940657864133e-6,2.6322405178987647,disease_enriched,6,Streptococcus_anginosus,4.198373393242207e-5
STR_Streptococcus_constellatus,4.718125260977315,2.380279283259408e-6,2.486939408443993,disease_enriched,5,Streptococcus_constellatus,2.741425105547042e-5
STR_Streptococcus_cristatus,-0.5146987503383138,0.6067635468265651,-0.23781954628944554,health_enriched,6,Streptococcus_cristatus,0.7186490235463573
STR_Streptococcus_gordonii,-0.06419076176896225,0.9488183332659236,-0.039373706268100314,health_enriched,6,Streptococcus_gordonii,0.9691294290850718
STR_Streptococcus_infantis,-3.00316616870434,0.002671865012176871,-2.1216891605946886,health_enriched,5,Streptococcus_infantis,0.010882962366671646
STR_Streptococcus_intermedius,-1.5630679393172862,0.1180366156529587,-2.08937637953553,health_enriched,4,Streptococcus_intermedius,0.22273576061066783
STR_Streptococcus_mitis,-1.123050787864771,0.2614159251065948,-1.0327230353275245,health_enriched,5,Streptococcus_mitis,0.4099198074441439
STR_Streptococcus_mutans,-1.034131138768022,0.301074860838739,1.115118719826741,health_enriched,5,Streptococcus_mutans,0.4529684843249497
STR_Streptococcus_oralis,-1.058737053094167,0.2897195480748875,-0.42748496535456976,health_enriched,6,Streptococcus_oralis,0.44185538382197453
STR_Streptococcus_parasanguinis,-1.130973808226437,0.2580661155819021,-1.5491944239071618,health_enriched,5,Streptococcus_parasanguinis,0.40753226548847526
STR_Streptococcus_rubneri,-1.2732460185367436,0.20293075547758702,-0.6979604384461372,health_enriched,3,Streptococcus_rubneri,0.3440551894899191
STR_Streptococcus_salivarius,0.35213816986098934,0.7247346439496427,-0.29709728747812714,disease_enriched,5,Streptococcus_salivarius,0.831826017454229
STR_Streptococcus_sanguinis,-3.083565887544708,0.0020453581321396787,-0.7190560017452131,health_enriched,6,Streptococcus_sanguinis,0.008872072936813672
STR_Streptococcus_sinensis,0.34484292778520725,0.7302124585893682,4.1607395909864335,disease_enriched,3,Streptococcus_sinensis,0.8323923589380512
STR_Streptococcus_sobrinus,0.3090397432488801,0.7572912947899678,4.162143606987279,disease_enriched,2,Streptococcus_sobrinus,0.848776149194125
STR_Streptococcus_sp_263_SSPC,-2.940694030431368,0.003274778316502257,-1.9034883661835245,health_enriched,5,Streptococcus_sp_263_SSPC,0.012616374606669065
STR_Streptococcus_sp_A12,-5.040478529649431,4.643692257145338e-7,-2.8111326340283,health_enriched,5,Streptococcus_sp_A12,5.7444193106909e-6
STR_TM7_phylum_sp_oral_taxon_348,-0.5302112409547535,0.5959654781483716,0.2308227334850438,health_enriched,6,TM7_phylum_sp_oral_taxon_348,0.7105461804493047
STR_TM7_phylum_sp_oral_taxon_350,3.053445244834279,0.002262300028734739,2.994860529776589,disease_enriched,5,TM7_phylum_sp_oral_taxon_350,0.009687284738428241
STR_TM7_phylum_sp_oral_taxon_351,-4.152398102834359,3.2900926463003435e-5,-2.6299882251450413,health_enriched,5,TM7_phylum_sp_oral_taxon_351,2.6802218143032067e-4
STR_Tannerella_forsythia,7.17704712760744,7.123313873061373e-13,4.382922282650988,disease_enriched,6,Tannerella_forsythia,3.398838333717855e-11
STR_Tannerella_sp_oral_taxon_808,2.5481192178991514,0.010830545164435946,1.7032818578999396,disease_enriched,4,Tannerella_sp_oral_taxon_808,0.03478271235501544
STR_Tannerella_sp_oral_taxon_HOT_286,0.10822017271935694,0.9138210434147678,0.39921092546786485,disease_enriched,6,Tannerella_sp_oral_taxon_HOT_286,0.9478764860264983
STR_Treponema_SGB3601,-0.3241140974949492,0.7458516542917388,-0.6250487384358298,health_enriched,2,Treponema_SGB3601,0.8416028801805431
STR_Treponema_SGB3604,6.0627345594051905,1.3382643071192942e-9,7.375639895756322,disease_enriched,5,Treponema_SGB3604,3.438309835214187e-8
STR_Treponema_SGB69443,6.547464652353827,5.852206630044899e-11,5.15234064148772,disease_enriched,5,Treponema_SGB69443,1.7769427403954511e-9
STR_Treponema_SGB69452,2.6382739310861165,0.008332923967848337,6.470026941241987,disease_enriched,3,Treponema_SGB69452,0.027831966052613445
STR_Treponema_denticola,7.421700933319457,1.1562566843241526e-13,6.3612333551588724,disease_enriched,6,Treponema_denticola,1.0523660899943419e-11
STR_Treponema_lecithinolyticum,4.131326532180073,3.606758143873598e-5,2.453306706769891,disease_enriched,4,Treponema_lecithinolyticum,2.868231476318528e-4
STR_Treponema_maltophilum,5.362471101719155,8.209110475272452e-8,3.884456260211569,disease_enriched,5,Treponema_maltophilum,1.305639475590952e-6
STR_Treponema_socranskii,3.022499621258365,0.002506963965241874,1.7354362932535985,disease_enriched,5,Treponema_socranskii,0.010466574554884823
STR_Treponema_sp_Marseille_Q3903,2.85140753864359,0.004352614300789541,4.554466489068055,disease_enriched,2,Treponema_sp_Marseille_Q3903,0.016153035294041187
STR_Treponema_sp_Marseille_Q4130,3.723155560175059,1.967482127539427e-4,3.934477482705379,disease_enriched,2,Treponema_sp_Marseille_Q4130,0.0011734625546395868
STR_Treponema_sp_OMZ_804,3.1144896763903978,0.0018426340470772042,2.8509921239449842,disease_enriched,5,Treponema_sp_OMZ_804,0.008205863622983816
STR_Treponema_vincentii,2.3741482614937315,0.017589486058939778,1.766055837973733,disease_enriched,2,Treponema_vincentii,0.05245436021148112
STR_Trueperella_pyogenes,-1.260234615782996,0.2075847389086136,-0.7400692608503423,health_enriched,4,Trueperella_pyogenes,0.34840855676119065
STR_Veillonella_atypica,-0.49025092643240664,0.6239563480004158,-0.4220783529718549,health_enriched,5,Veillonella_atypica,0.7338078177187988
STR_Veillonella_dispar,-0.1116699071847851,0.9110851406412833,-1.461428068200107,health_enriched,5,Veillonella_dispar,0.9478764860264983
STR_Veillonella_parvula,1.7767362597872958,0.07561164345998926,0.6446067461578264,disease_enriched,6,Veillonella_parvula,0.15685893736420134
STR_Veillonella_rogosae,-3.8534316458409394,1.16473790294808e-4,-1.603164544121642,health_enriched,5,Veillonella_rogosae,7.582144190242852e-4
STR_Veillonella_sp_3627,0.5275742914173079,0.5977948404378881,0.3491924011440715,disease_enriched,4,Veillonella_sp_3627,0.7105461804493047
STR_Veillonella_tobetsuensis,-3.030154734144503,0.0024442847730466993,-2.11873682257102,health_enriched,3,Veillonella_tobetsuensis,0.010334064736678451
STR_Veillonellaceae_bacterium,0.2977744021388648,0.7658753528956355,0.017977160203287212,disease_enriched,2,Veillonellaceae_bacterium,0.8555263139369306
STR_candidate_division_SR1_bacterium_MGEHA,0.3482218140843085,0.7276736065023932,1.0091630024141114,disease_enriched,5,candidate_division_SR1_bacterium_MGEHA,0.8323389882595867
