taxon_id,effect_size,se,p_value,tau2,I2,n_cohorts,taxon_name,q_value,direction
STR_Abiotrophia_defectiva,-0.08613199488834504,0.07970403294938064,0.2798537719596139,0,0,4,Abiotrophia_defectiva,0.4356494645003458,health_enriched
STR_Abiotrophia_sp_HMSC24B09,-0.10284120370154305,0.07408784585463613,0.16510715190668615,0,0,5,Abiotrophia_sp_HMSC24B09,0.3013956388828368,health_enriched
STR_Actinobaculum_sp_oral_taxon_183,-0.04288310002497327,0.14821984342509745,0.7723358121285588,0.08714585870452339,80.373745651203,5,Actinobaculum_sp_oral_taxon_183,0.8598672041697955,health_enriched
STR_Actinomyces_SGB17154,0.13514615082625764,0.15902299752255952,0.3954068912428347,0.07653597875375913,76.88361544045908,4,Actinomyces_SGB17154,0.5457268664260612,disease_enriched
STR_Actinomyces_SGB17168,-0.24591389493024413,0.07592516322752337,0.0011999227982166549,0.004322310325876463,14.844090054553163,5,Actinomyces_SGB17168,0.006570069091874799,health_enriched
STR_Actinomyces_bouchesdurhonensis,-0.1791312238707478,0.10389964970863495,0.08469354833867,0.014474058001344225,33.43045614177942,4,Actinomyces_bouchesdurhonensis,0.18133105862253704,health_enriched
STR_Actinomyces_dentalis,0.3093692155380933,0.1076399177173079,0.004051648225300701,0.04852713790113815,70.11201488842416,6,Actinomyces_dentalis,0.01670679638580783,disease_enriched
STR_Actinomyces_gerencseriae,-0.04062230631663019,0.09441218418446538,0.6670025150381924,0.0262809384808698,50.26962103263928,6,Actinomyces_gerencseriae,0.7899958866055187,health_enriched
STR_Actinomyces_graevenitzii,-0.11339600868922516,0.09063685975294647,0.2108970559576135,0.013871862470045905,34.05872880908631,5,Actinomyces_graevenitzii,0.3543127731159803,health_enriched
STR_Actinomyces_israelii,0.26386292743647105,0.06617241719992109,6.677144475275707e-5,0,0,5,Actinomyces_israelii,5.186433150562991e-4,disease_enriched
STR_Actinomyces_johnsonii,-0.015419017866238933,0.14102675575668897,0.9129375882726215,0.09374509492986059,80.01291313347573,6,Actinomyces_johnsonii,0.9649403622881506,health_enriched
STR_Actinomyces_massiliensis,-0.15827433355722914,0.0807817163082037,0.05007952299298197,0.0131457102290176,34.205993030406916,6,Actinomyces_massiliensis,0.12866585138196907,health_enriched
STR_Actinomyces_naeslundii,-0.015525372160195929,0.18860552169080574,0.9343949253479726,0.18983780991168173,90.67574650124011,6,Actinomyces_naeslundii,0.9677960691892297,health_enriched
STR_Actinomyces_oris,-0.011954531016654796,0.0971066246444702,0.9020221580530703,0.029526035231306338,53.27253139363729,6,Actinomyces_oris,0.9649403622881506,health_enriched
STR_Actinomyces_sp_ICM47,-0.2994470104044874,0.06811389438528814,1.1012738216855672e-5,0,0,5,Actinomyces_sp_ICM47,9.941228552512957e-5,health_enriched
STR_Actinomyces_sp_ICM58,-0.2831613804944783,0.0751788487663818,1.6554990977724735e-4,0,0,4,Actinomyces_sp_ICM58,0.001151951455533346,health_enriched
STR_Actinomyces_sp_S6_Spd3,-0.3103685973621841,0.09739679496408606,0.0014393542678303934,0.0240317584173041,51.91636179953755,5,Actinomyces_sp_S6_Spd3,0.0076308623088151015,health_enriched
STR_Actinomyces_sp_oral_taxon_448,-0.14724051887386458,0.094943949427279975,0.120945979555674,0.02686094699734414,51.559178184102116,6,Actinomyces_sp_oral_taxon_448,0.23902933237630247,health_enriched
STR_Actinomyces_sp_oral_taxon_897,0.3348851115198863,0.10391457246687584,0.0012699010414194188,0.04364819602765032,68.62758277886516,6,Actinomyces_sp_oral_taxon_897,0.006841079803775578,disease_enriched
STR_Actinomyces_timonensis,0.10014994286419351,0.11376753825841565,0.3786950087225544,0.007660993540847688,29.548533362637937,2,Actinomyces_timonensis,0.5292223134449087,disease_enriched
STR_Aggregatibacter_actinomycetemcomitans,0.08033121543660117,0.12623510797167464,0.5245405561363377,0.023595907941639245,49.54563563388845,3,Aggregatibacter_actinomycetemcomitans,0.6818234592125246,disease_enriched
STR_Aggregatibacter_aphrophilus,0.18530226488477378,0.10072772186535127,0.06582180980640608,0.024599860489859644,49.06156524141683,5,Aggregatibacter_aphrophilus,0.1537376536737037,disease_enriched
STR_Aggregatibacter_segnis,0.25305163791992297,0.15132947442756048,0.09448685645594031,0.0896135601825193,80.33212008550778,5,Aggregatibacter_segnis,0.19601621152971468,disease_enriched
STR_Aggregatibacter_sp_oral_taxon_458,-0.07500034445159127,0.16231219026096186,0.6440278063419071,0.13025988780924114,85.25157390910445,6,Aggregatibacter_sp_oral_taxon_458,0.7737600263244496,health_enriched
STR_Alloprevotella_SGB1466,0.0042492274005706205,0.08746130162202877,0.9612507525116474,0,0,4,Alloprevotella_SGB1466,0.9818279857458417,disease_enriched
STR_Alloprevotella_rava,0.03832266618492349,0.08279604028152711,0.6434673960489324,0.0065165320813441105,18.857147699181162,5,Alloprevotella_rava,0.7737600263244496,disease_enriched
STR_Alloprevotella_sp_Lung230,0.018972727409484844,0.13694316336002743,0.8898100721129361,0.026994713060913965,47.85167873922325,3,Alloprevotella_sp_Lung230,0.95561596169042,disease_enriched
STR_Alloprevotella_tannerae,0.2634621987042855,0.06226667119880112,2.3245684134781075e-5,0,0,6,Alloprevotella_tannerae,2.0431732897412838e-4,disease_enriched
STR_Alloscardovia_omnicolens,0.26141716839346335,0.10614213151699181,0.013781938879712569,0,0,2,Alloscardovia_omnicolens,0.04512909397866664,disease_enriched
STR_Anaeroglobus_geminatus,0.33893605341196886,0.1177186885404116,0.003986810569825335,0.06232449433540639,77.3094872203103,6,Anaeroglobus_geminatus,0.016644934129020773,disease_enriched
STR_Anaerolineaceae_bacterium_oral_taxon_439,0.27623391906743244,0.07795456824528929,3.948166898016401e-4,0.0050659096384233415,20.79443978173331,4,Anaerolineaceae_bacterium_oral_taxon_439,0.0023547995427454964,disease_enriched
STR_Arachnia_SGB15898,0.09060532755086015,0.06971360309707757,0.19371090456934892,0,0,5,Arachnia_SGB15898,0.34062047644684873,disease_enriched
STR_Arachnia_SGB15899,0.009889414064231857,0.13382251329825315,0.9410903700996065,0.0642759242363206,73.32456239893786,5,Arachnia_SGB15899,0.9677960691892297,disease_enriched
STR_Bacteroidaceae_bacterium,-0.22257605233625474,0.17798401815182494,0.2111025205092218,0.13305401274584197,86.83280209788052,5,Bacteroidaceae_bacterium,0.3543127731159803,health_enriched
STR_Bacteroidaceae_unclassified_SGB1468,-0.19311435832511228,0.10232082436826588,0.05911438148769383,0.026615762396805027,51.34205305123176,5,Bacteroidaceae_unclassified_SGB1468,0.14204462889848735,health_enriched
STR_Bacteroides_heparinolyticus,0.2666872493064038,0.10791359310904036,0.013462148139004891,0,0,2,Bacteroides_heparinolyticus,0.044518390875521126,disease_enriched
STR_Bacteroidetes_oral_taxon_274,0.35794632779605784,0.12013389832638591,0.0028866136031137353,0.06739299511835194,78.89113168799797,6,Bacteroidetes_oral_taxon_274,0.012855052579199834,disease_enriched
STR_Bacteroidetes_unclassified_SGB1343,0.43009962704520277,0.12029272446325008,3.496370449269272e-4,0.06877016064532579,82.62740285581779,6,Bacteroidetes_unclassified_SGB1343,0.0021625698704739573,disease_enriched
STR_Bergeyella_cardium,0.2210240821987174,0.11046205478840702,0.04540262429261882,0,0,2,Bergeyella_cardium,0.11847247276355223,disease_enriched
STR_Bifidobacterium_dentium,0.09090102367270966,0.11355981937582657,0.42343958353377575,0.01647636958791501,42.51336071527249,3,Bifidobacterium_dentium,0.5725863194343365,disease_enriched
STR_Bifidobacterium_longum,0.18196432716390049,0.11018496698358742,0.0986479011684748,0,0,2,Bifidobacterium_longum,0.20338517895228753,disease_enriched
STR_Bulleidia_extructa,0.17218608150103087,0.1433053518173319,0.2295445886807602,0.058211353212257656,72.20754129579237,4,Bulleidia_extructa,0.377099861915012,disease_enriched
STR_Campylobacter_SGB19314,0.2018792816112277,0.11080418933964363,0.06846313572433167,0,0,2,Campylobacter_SGB19314,0.1577012919443226,disease_enriched
STR_Campylobacter_SGB19317,-0.08739452243513005,0.13848011586725925,0.5279764569289893,0.055632563700799977,73.06606882879954,4,Campylobacter_SGB19317,0.6821966387245072,health_enriched
STR_Campylobacter_SGB19337,0.09069641312618247,0.19834066113275092,0.647472717872174,0.17527831730523474,90.22215322654966,5,Campylobacter_SGB19337,0.7751107088505595,disease_enriched
STR_Campylobacter_concisus,-0.20426886996141996,0.07481234995410334,0.00632543669383026,0.002617851098850542,9.10778397317338,5,Campylobacter_concisus,0.024007907451583033,health_enriched
STR_Campylobacter_curvus,0.11200816083204734,0.09062378880230348,0.2164702214197733,0,0,3,Campylobacter_curvus,0.3597067360905685,disease_enriched
STR_Campylobacter_gracilis,0.28864313679036097,0.18674181850585192,0.12218181442611903,0.18965885206088842,92.35442315002769,6,Campylobacter_gracilis,0.2400513295195515,disease_enriched
STR_Campylobacter_rectus,0.4872551677126536,0.08178118263466268,2.552884837439618e-9,0.019037696870359756,57.88722941631894,5,Campylobacter_rectus,4.737019642804625e-8,disease_enriched
STR_Campylobacter_showae,0.007610235535395518,0.07232048390962033,0.9161938437762576,0,0,5,Campylobacter_showae,0.9649977102426434,disease_enriched
STR_Candidatus_Absconditabacteria_unclassified_SGB6894,0.06697717573267825,0.11806243897030716,0.5705083396468658,0.009869125776651432,22.98948620291618,3,Candidatus_Absconditabacteria_unclassified_SGB6894,0.7110066620972133,disease_enriched
STR_Candidatus_Gracilibacteria_bacterium_GN02_872,-0.08989612523481486,0.2272885269741495,0.6924625177966581,0.08617755752408525,83.33045505044062,2,Candidatus_Gracilibacteria_bacterium_GN02_872,0.8046985384790839,health_enriched
STR_Candidatus_Gracilibacteria_bacterium_GN02_873,0.09509910122350118,0.10700144065528805,0.37412956137949993,0.018943720380742126,41.47551080340979,4,Candidatus_Gracilibacteria_bacterium_GN02_873,0.52682019176376,disease_enriched
STR_Candidatus_Gracilibacteria_bacterium_HOT_871,-0.0594992904662013,0.09688220810675421,0.5391224687683607,0,0,2,Candidatus_Gracilibacteria_bacterium_HOT_871,0.6925650175716633,health_enriched
STR_Candidatus_Nanoperiomorbus_periodonticus,0.3313856472702713,0.05962703174520923,2.734447840471038e-8,0,0,6,Candidatus_Nanoperiomorbus_periodonticus,4.1513889941696666e-7,disease_enriched
STR_Candidatus_Nanosynbacter_lyticus,0.1604833930356542,0.0773803599258464,0.0380834799089957,0,0,4,Candidatus_Nanosynbacter_lyticus,0.10599901908003803,disease_enriched
STR_Candidatus_Nanosynsacchari_sp_TM7_ANC_38_39_G1_1,0.29742412494760945,0.13253934439437387,0.02482956834907705,0.08405897929287785,80.99558265825833,6,Candidatus_Nanosynsacchari_sp_TM7_ANC_38_39_G1_1,0.0727462791981731,disease_enriched
STR_Candidatus_Saccharibacteria_bacterium_oral_taxon_488,0.012405435283499515,0.17857195122689518,0.9446153250170325,0.13701283637228442,86.99778853847538,5,Candidatus_Saccharibacteria_bacterium_oral_taxon_488,0.9677960691892297,disease_enriched
STR_Candidatus_Saccharibacteria_bacterium_oral_taxon_955,-0.03174510738720039,0.0792968603752914,0.6889116609991477,0,0,4,Candidatus_Saccharibacteria_bacterium_oral_taxon_955,0.8045331985094942,health_enriched
STR_Candidatus_Saccharibacteria_unclassified_SGB19782,-0.06758868623379487,0.11370409771563231,0.5522271391154177,0.037285068728676186,58.68187897155814,5,Candidatus_Saccharibacteria_unclassified_SGB19782,0.6956392667627607,health_enriched
STR_Candidatus_Saccharibacteria_unclassified_SGB19850,-0.3696712341652142,0.06467463639882333,1.091499117140814e-8,0,0,5,Candidatus_Saccharibacteria_unclassified_SGB19850,1.9187405532896415e-7,health_enriched
STR_Capnocytophaga_SGB2480,0.08134414080858166,0.1362665745811626,0.5505416987448079,0.06978924696379274,75.94459514823212,5,Capnocytophaga_SGB2480,0.6956392667627607,disease_enriched
STR_Capnocytophaga_SGB2499,-0.008856822078307734,0.08038540483202554,0.9122670360241447,0,0,4,Capnocytophaga_SGB2499,0.9649403622881506,health_enriched
STR_Capnocytophaga_gingivalis,-0.1071363722996727,0.1154634426890814,0.3534691320917038,0.04191975971524576,64.43663827591953,5,Capnocytophaga_gingivalis,0.5088736643044356,health_enriched
STR_Capnocytophaga_granulosa,0.15513058613763533,0.17501076997129464,0.3753988192807632,0.1593874398729426,88.65628735511201,6,Capnocytophaga_granulosa,0.52682019176376,disease_enriched
STR_Capnocytophaga_haemolytica,-0.0031670713131483623,0.115805962051045,0.9781821047759571,0,0,2,Capnocytophaga_haemolytica,0.9870478036107846,health_enriched
STR_Capnocytophaga_leadbetteri,0.11959214016790023,0.10239982961965814,0.24284955005173142,0.03717872664639243,59.768735939491314,6,Capnocytophaga_leadbetteri,0.38680436501376186,disease_enriched
STR_Capnocytophaga_ochracea,0.1903187686250863,0.19891033288078694,0.3386647551990185,0.21456920599584778,92.46346200630873,6,Capnocytophaga_ochracea,0.5005045497189035,disease_enriched
STR_Capnocytophaga_sp_oral_taxon_332,0.25012037305515655,0.2541630761805853,0.32506926819815324,0.2386827108428386,93.94469485768217,4,Capnocytophaga_sp_oral_taxon_332,0.48687504743579907,disease_enriched
STR_Capnocytophaga_sp_oral_taxon_338,0.10099249514954639,0.08553465764685973,0.23771390781008675,0,0,3,Capnocytophaga_sp_oral_taxon_338,0.38541963693480086,disease_enriched
STR_Capnocytophaga_sp_oral_taxon_863,0.21733417849240247,0.11449655325926082,0.05767339694200013,0.0021909309045365028,8.177605782564397,2,Capnocytophaga_sp_oral_taxon_863,0.1404585296354978,disease_enriched
STR_Capnocytophaga_sputigena,0.07121860756443608,0.12062119564926123,0.5549010968094197,0.061057654529142996,71.30664390804384,6,Capnocytophaga_sputigena,0.6956392667627607,disease_enriched
STR_Cardiobacterium_hominis,-0.10996739628070298,0.0760763732748574,0.14832118729839436,0.004845935043465506,16.56013124984919,5,Cardiobacterium_hominis,0.27881808461204166,health_enriched
STR_Cardiobacterium_valvarum,0.0707094523558616,0.1085810517150561,0.5149086434531278,0.03509836722618177,60.0861738325467,5,Cardiobacterium_valvarum,0.674429360444489,disease_enriched
STR_Catonella_morbi,0.3240619271041019,0.15212649206280673,0.03315398016370142,0.0974417438850357,85.4092899096768,5,Catonella_morbi,0.09384262181929046,disease_enriched
STR_Centipeda_periodontii,0.2835946625057015,0.20129234774071064,0.15887374030266274,0.10294730181877992,84.93229026787911,3,Centipeda_periodontii,0.29479905145049645,disease_enriched
STR_Colibacter_massiliensis,0.15376577534979421,0.10627633320966777,0.14793930151937068,0,0,2,Colibacter_massiliensis,0.27881808461204166,disease_enriched
STR_Corynebacterium_durum,-0.25233095239040004,0.09348326514027971,0.006950432869912789,0.027889306077565804,55.59581030203238,6,Corynebacterium_durum,0.02579382865056524,health_enriched
STR_Corynebacterium_matruchotii,0.19842187956370153,0.2119982222634623,0.34929372596546576,0.2499245203307335,93.80288578616582,6,Corynebacterium_matruchotii,0.5050394133007167,disease_enriched
STR_Cryptobacterium_curtum,0.02511860768095352,0.13828438249025574,0.8558616660977442,0.013754050806161645,33.833398956584325,2,Cryptobacterium_curtum,0.93113288754608,disease_enriched
STR_Desulfobulbus_oralis,0.5665357083516183,0.095074591252855,2.5401126985011126e-9,0.016502291140904218,61.22984931896539,3,Desulfobulbus_oralis,4.737019642804625e-8,disease_enriched
STR_Desulfomicrobium_orale,0.21324876481621485,0.11748609562755344,0.06950886670076187,0,0,2,Desulfomicrobium_orale,0.15901343478119495,disease_enriched
STR_Desulfovibrio_sp_OH1186_COT_070,0.21086657732469355,0.11053290705041206,0.05642654972722115,0,0,2,Desulfovibrio_sp_OH1186_COT_070,0.13954378258525085,disease_enriched
STR_Dialister_invisus,0.39235316705755197,0.07284172305152015,7.189107010859662e-8,0.01237116485557561,39.147090913348684,6,Dialister_invisus,9.604646966508508e-7,disease_enriched
STR_Dialister_pneumosintes,0.24986121063056213,0.0788620741566737,0.0015331648015238198,0.009465033017180236,30.494116815561142,5,Dialister_pneumosintes,0.008001203807952434,disease_enriched
STR_Eggerthia_catenaformis,0.23021415017696747,0.11156343517163927,0.03906259419886324,0,0,2,Eggerthia_catenaformis,0.10607241026357984,disease_enriched
STR_Eikenella_corrodens,0.03906295358028838,0.10858262176074839,0.7190316493650579,0.03470108403617528,59.584149937855,5,Eikenella_corrodens,0.8203805738088558,disease_enriched
STR_Eikenella_halliae,-0.09712833048794281,0.09581376396071428,0.3107163695417443,0,0,2,Eikenella_halliae,0.4706531189018619,health_enriched
STR_Eubacterium_brachy,0.44677494598200546,0.14773368581219176,0.0024929864254246634,0.11588702693491341,91.04860845437781,6,Eubacterium_brachy,0.011895106658454823,disease_enriched
STR_Eubacterium_infirmum,0.2841683126170279,0.11715369641702454,0.01528299442136824,0.03406145713972548,62.404008521950246,4,Eubacterium_infirmum,0.04908192439170185,disease_enriched
STR_Eubacterium_nodatum,0.5526073376687497,0.04702819078962598,7.015662881143011e-32,0,0,6,Eubacterium_nodatum,2.3432314023017657e-29,disease_enriched
STR_Eubacterium_saphenum,0.5651562168686807,0.10006361426070487,1.62354202930345e-8,0.0362057477323291,76.14021696859494,5,Eubacterium_saphenum,2.7113151889367616e-7,disease_enriched
STR_Eubacterium_sulci,-0.31826325837218006,0.06720723039591264,2.1846089870804917e-6,0,0,5,Eubacterium_sulci,2.35374000543511e-5,health_enriched
STR_Eubacterium_yurii,0.20684927830757704,0.08632755147621239,0.016570656655368457,0.014905248415550227,40.115856157609656,5,Eubacterium_yurii,0.05221320115936853,disease_enriched
STR_Filifactor_alocis,0.62318701421291,0.05481368427018776,5.953971555689092e-30,0.007279448005787915,41.4781900368807,6,Filifactor_alocis,6.628754998667189e-28,disease_enriched
STR_Fretibacterium_fastidiosum,0.46177550677809404,0.05313486176485169,3.604301504753908e-18,0,0,6,Fretibacterium_fastidiosum,1.719766717982579e-16,disease_enriched
STR_Fusobacterium_hwasookii,0.16534489204631883,0.09766190219096495,0.09044905191680683,0,0,3,Fusobacterium_hwasookii,0.18999989522146843,disease_enriched
STR_Fusobacterium_nucleatum,0.6039192971277674,0.11177157824457988,6.547838875606905e-8,0.06539300387195987,95.0823642058151,6,Fusobacterium_nucleatum,9.112409101886276e-7,disease_enriched
STR_Fusobacterium_pseudoperiodonticum,-0.19162267489992812,0.09093559248416701,0.03509720336327492,0.01513761901231751,37.11093657358243,5,Fusobacterium_pseudoperiodonticum,0.09850811700280522,health_enriched
STR_GGB10022_SGB15896,-0.03498700753527638,0.08307419288728744,0.6736428173217284,0.010011840307434782,29.092393145479388,5,GGB10022_SGB15896,0.7922419048783707,health_enriched
STR_GGB1022_SGB1315,0.3741025225022452,0.11426956356798947,0.001060892600003632,0.058375632092619506,76.77082084063085,6,GGB1022_SGB1315,0.005905635473353551,disease_enriched
STR_GGB1022_SGB1316,0.20434020635740546,0.1051767484032153,0.05203708770292444,0,0,2,GGB1022_SGB1316,0.13166960070285424,disease_enriched
STR_GGB1025_SGB1319,0.20823955769093033,0.07817830168178433,0.007729816320173474,0.011779172781522712,32.45568990726458,6,GGB1025_SGB1319,0.028088345796578842,disease_enriched
STR_GGB1026_SGB1321,-0.18404104601560245,0.0863555447200744,0.03307256497777084,0,0,3,GGB1026_SGB1321,0.09384262181929046,health_enriched
STR_GGB10852_SGB17523,0.5331301934989029,0.07114837746456505,6.720592367155754e-14,0.015552773027707002,53.62061034113008,6,GGB10852_SGB17523,2.0406162278454743e-12,disease_enriched
STR_GGB1138_SGB1455,0.14863420254797827,0.11761763958204798,0.2063353091416329,0.0023922693084472923,8.383940031767684,2,GGB1138_SGB1455,0.34988546928946124,disease_enriched
STR_GGB1188_SGB1538,0.4552984852174157,0.1018414845359284,7.797917552289939e-6,0.033603572782875755,66.99738685089041,5,GGB1188_SGB1538,7.441441321328113e-5,disease_enriched
STR_GGB1201_SGB1566,0.24369695202709257,0.14044901668971593,0.08271822333208206,0.07911355806388265,80.45041674356575,5,GGB1201_SGB1566,0.1782444296317123,disease_enriched
STR_GGB1202_SGB1567,-0.023327183524926916,0.09847836604196929,0.8127528153687451,0,0,3,GGB1202_SGB1567,0.8988723189839765,health_enriched
STR_GGB1203_SGB1568,-0.21390930370650055,0.07144781858204152,0.0027541498208856876,0,0,5,GGB1203_SGB1568,0.012549775243576549,health_enriched
STR_GGB12441_SGB19290,0.0018363400785485326,0.08036197349121355,0.9817692394474813,0,0,4,GGB12441_SGB19290,0.9876279945780606,disease_enriched
STR_GGB12443_SGB19313,0.09049422021414873,0.18842818094824876,0.6310436519475984,0.044814700971264276,62.19139466137143,2,GGB12443_SGB19313,0.7664311990927195,disease_enriched
STR_GGB12761_SGB19791,0.15912655593682934,0.0975763109829772,0.10293445705391173,0.007372055517261908,25.561690570305313,3,GGB12761_SGB19791,0.21092091200004,disease_enriched
STR_GGB12762_SGB19792,0.1540158478224498,0.19325815369766175,0.4254837903846741,0.0928019539728193,82.88651737772344,3,GGB12762_SGB19792,0.5730305886632304,disease_enriched
STR_GGB12763_SGB19797,-0.2623508202937792,0.09632760511559207,0.006458896247626259,0.013888254696325441,37.54704800343098,4,GGB12763_SGB19797,0.024239003895586187,health_enriched
STR_GGB12783_SGB19821,0.15640216278722993,0.16436884469459093,0.34133454497370574,0.02905792448408132,53.486244032054785,2,GGB12783_SGB19821,0.502227920798316,disease_enriched
STR_GGB12785_SGB19823,-0.285234972327364,0.24003240100717257,0.234707903253394,0.21065527219006178,92.9424134176394,4,GGB12785_SGB19823,0.3824021448128468,health_enriched
STR_GGB12785_SGB19825,-0.01984008465426067,0.1049636306414739,0.8500781930279876,0.004066786990969573,11.33781946106277,3,GGB12785_SGB19825,0.9278631257233589,health_enriched
STR_GGB12785_SGB19827,-0.13180011314583712,0.07822959463474717,0.09202989824099995,0,0,4,GGB12785_SGB19827,0.1921124125780874,health_enriched
STR_GGB12788_SGB19831,0.16497490718220192,0.17619848901925245,0.34911798304682484,0.10199166374536428,82.72589362729198,4,GGB12788_SGB19831,0.5050394133007167,disease_enriched
STR_GGB12790_SGB19844,0.21553440128709928,0.10500846950948817,0.040116918502171486,0.033572079186399935,61.085388554482314,5,GGB12790_SGB19844,0.1079088267663734,disease_enriched
STR_GGB12790_SGB19845,0.3500381421911404,0.13795997518454228,0.0111728997859765,0.09406049494864593,85.11957651949574,6,GGB12790_SGB19845,0.03769442958097122,disease_enriched
STR_GGB12796_SGB19893,0.095855853811505,0.15226819651861498,0.5290087707474471,0.07097502330689827,77.55176009910484,4,GGB12796_SGB19893,0.6821966387245072,disease_enriched
STR_GGB1472_SGB2037,-0.03222948245127488,0.09868126419590421,0.7439690517458004,0.013617546251246379,35.02632735693372,4,GGB1472_SGB2037,0.8347964857637292,health_enriched
STR_GGB1472_SGB2038,0.011011604293937561,0.13459586137746482,0.9347959317250467,0.024843410204855892,45.52951578016529,3,GGB1472_SGB2038,0.9677960691892297,disease_enriched
STR_GGB1474_SGB2040,-0.03179321440311734,0.18639624180731493,0.8645635448419111,0.08161043747855963,79.24167566369779,3,GGB1474_SGB2040,0.9375461817441504,health_enriched
STR_GGB1611_SGB2208,0.2878517268175583,0.0761640435704387,1.5722875676615067e-4,0.008333976342646435,28.756675074421697,5,GGB1611_SGB2208,0.0011173277608488154,disease_enriched
STR_GGB1832_SGB2476,-0.052841858047678984,0.15884397756256805,0.7393870473331692,0.05414415609397039,72.03498634197955,3,GGB1832_SGB2476,0.8343083574637786,health_enriched
STR_GGB1833_SGB2477,0.10703286080246129,0.19115890368011482,0.5755369770671623,0.12386954955005812,85.60401549426422,4,GGB1833_SGB2477,0.7146072503361792,disease_enriched
STR_GGB1843_SGB2524,-0.2561161292381919,0.09678234723112233,0.008137511538993279,0.030771981228901887,57.478242760726054,6,GGB1843_SGB2524,0.029225041441115648,health_enriched
STR_GGB1844_SGB2532,-0.21704108229046476,0.11166980108122038,0.051944076622499724,0,0,2,GGB1844_SGB2532,0.13166960070285424,health_enriched
STR_GGB2665_SGB3591,0.382139025317308,0.08390645880553038,5.254886272751243e-6,0.00969017162387831,34.47104651505201,4,GGB2665_SGB3591,5.3185818639361066e-5,disease_enriched
STR_GGB2672_SGB3600,-0.07163180595911714,0.08808139262589935,0.4160772535729458,0,0,3,GGB2672_SGB3600,0.5649178971274955,health_enriched
STR_GGB2674_SGB3609,0.35950508956653326,0.12019488495731108,0.002780489125822349,0,0,2,GGB2674_SGB3609,0.012549775243576549,disease_enriched
STR_GGB2676_SGB3611,0.054515960795183435,0.16749445305491645,0.7448184214299141,0.062021678552171576,74.26854947001085,3,GGB2676_SGB3611,0.8347964857637292,disease_enriched
STR_GGB3008_SGB3999,-0.15560825410447057,0.10025651991871817,0.12063803661622599,0,0,3,GGB3008_SGB3999,0.23902933237630247,health_enriched
STR_GGB3385_SGB4471,-0.052675699643545265,0.10388183589756242,0.6121034268033605,0,0,3,GGB3385_SGB4471,0.7516270020305972,health_enriched
STR_GGB3385_SGB4472,0.1959510171749257,0.1398737106579999,0.16123983945716497,0.09378809824076115,81.20312243719486,6,GGB3385_SGB4472,0.29753649932979614,disease_enriched
STR_GGB3386_SGB4474,0.42239806729492113,0.09527522941815789,9.273656370956404e-6,0.00700458274005751,25.268467676306862,3,GGB3386_SGB4474,8.603892299720665e-5,disease_enriched
STR_GGB3388_SGB4476,0.19098629175192908,0.21310301975986834,0.3701375226945411,0.16183888280264172,89.67530643794298,4,GGB3388_SGB4476,0.5238386973727828,disease_enriched
STR_GGB3394_SGB4498,-0.2858652432957234,0.06912638721822262,3.543373022955384e-5,5.851702437988194e-4,2.386669977716457,5,GGB3394_SGB4498,2.817825213493091e-4,health_enriched
STR_GGB3886_SGB5269,-0.22349548567693314,0.07097825398108296,0.0016394899608188204,0,0,5,GGB3886_SGB5269,0.008424456106361325,health_enriched
STR_GGB3887_SGB5270,0.10466615474892471,0.0805422747015831,0.19376613929611156,0,0,4,GGB3887_SGB5270,0.34062047644684873,disease_enriched
STR_GGB4308_SGB5895,-0.003911103098201724,0.12439931000159146,0.9749187133729126,0.047892427059657,63.922286508161555,5,GGB4308_SGB5895,0.9870478036107846,health_enriched
STR_GGB4333_SGB5935,0.526780312374822,0.06808798181555427,1.0198303718621105e-14,0.013348107623827953,48.88159948186933,6,GGB4333_SGB5935,3.784703824466055e-13,disease_enriched
STR_GGB4395_SGB6050,-0.16495596671766105,0.08702766826877699,0.058033763741612863,0.011196519681053486,29.7638227887062,5,GGB4395_SGB6050,0.1404585296354978,health_enriched
STR_GGB4400_SGB6074,0.0519264215956846,0.15603362773895668,0.7392928526346582,0.07689643331310071,79.14803383183903,4,GGB4400_SGB6074,0.8343083574637786,disease_enriched
STR_GGB4533_SGB6246,0.06724526125151313,0.15244619971290777,0.6591347030043102,0.11357787475811765,83.11793521470618,6,GGB4533_SGB6246,0.7862535385837128,disease_enriched
STR_GGB4538_SGB6253,-0.20157805034747978,0.07109030134003883,0.004575099101000129,0,0,5,GGB4538_SGB6253,0.018191465473024325,health_enriched
STR_GGB4538_SGB6256,-0.09762200093873129,0.11932080079817203,0.4132730354498198,0.04289483283419714,61.91373807864939,5,GGB4538_SGB6256,0.5634007911846522,health_enriched
STR_GGB4721_SGB6537,0.04933000653392066,0.08272091363651238,0.5509463630743142,0.0014810014751480934,5.154371203528704,4,GGB4721_SGB6537,0.6956392667627607,disease_enriched
STR_GGB4733_SGB6557,0.028461037576297372,0.12011486237276585,0.81269673642381135,0.010321225199984421,35.65520821575619,2,GGB4733_SGB6557,0.8988723189839765,disease_enriched
STR_GGB4786_SGB6625,-0.1761887321475204,0.11846728472408997,0.13695266605143225,0,0,2,GGB4786_SGB6625,0.2656672657843743,health_enriched
STR_GGB49229_SGB69060,0.3855868896128428,0.09968048687109957,1.096289578624244e-4,0.032004278108742325,65.30471010374656,5,GGB49229_SGB69060,8.191111043882746e-4,disease_enriched
STR_GGB4936_SGB6889,-0.22208840984594516,0.07083884729177464,0.0017178280956001084,0,0,5,GGB4936_SGB6889,0.008563501252693078,health_enriched
STR_GGB6675_SGB9425,0.0014412655170375653,0.07501432562102438,0.9846710245344137,0,0,4,GGB6675_SGB9425,0.9876279945780606,disease_enriched
STR_GGB6814_SGB9728,-0.08037430365095241,0.07831133786350822,0.3047298739629192,0,0,4,GGB6814_SGB9728,0.46903123457887097,health_enriched
STR_Gemella_haemolysans,-0.323540520458287,0.1584543191945927,0.04116605658393063,0.10364045203023485,84.76315956650154,5,Gemella_haemolysans,0.10912272142089548,health_enriched
STR_Gemella_morbillorum,0.10023026239103028,0.10900639675561827,0.35783947460336285,0.04458217222905153,63.9376622327483,6,Gemella_morbillorum,0.51295443998937,disease_enriched
STR_Gemella_sanguinis,-0.21591594346479367,0.14700424763041087,0.14189423374704974,0.08356890274285812,79.11232279281242,5,Gemella_sanguinis,0.27081528040865493,health_enriched
STR_Granulicatella_adiacens,-0.11578080208226468,0.06634284060310146,0.08095195848548854,0,0,6,Granulicatella_adiacens,0.17671865447158935,health_enriched
STR_Granulicatella_elegans,-0.1281190495219165,0.08586193788822345,0.1356593415945625,0.009864505107890886,26.80785988059318,5,Granulicatella_elegans,0.2649720473250519,health_enriched
STR_Haemophilus_haemolyticus,-0.2808271445442688,0.21393121470889462,0.1892846264659611,0.16442719692591184,91.57977050209276,4,Haemophilus_haemolyticus,0.3380805627787754,health_enriched
STR_Haemophilus_influenzae,-0.10296541555377586,0.1025306390706972,0.31526272726587035,0,0,3,Haemophilus_influenzae,0.47431419327387697,health_enriched
STR_Haemophilus_parahaemolyticus,-0.1767187044757652,0.07209778587143201,0.014242136002958294,0,0,5,Haemophilus_parahaemolyticus,0.04618323713580651,health_enriched
STR_Haemophilus_parainfluenzae,-0.3122023162404552,0.10788483420661908,0.0038055228137375166,0.04770295320266012,70.16059742024694,6,Haemophilus_parainfluenzae,0.016295443843440133,health_enriched
STR_Haemophilus_paraphrohaemolyticus,-0.05961441084511808,0.1471941892322324,0.6854736946511903,0.026233310255771473,40.308576743880884,3,Haemophilus_paraphrohaemolyticus,0.8033270667140266,health_enriched
STR_Haemophilus_sputorum,-0.1385939377096821,0.07254784499437376,0.05608432960414327,0,0,5,Haemophilus_sputorum,0.13954378258525085,health_enriched
STR_Isoptericola_variabilis,-0.1538066255652188,0.11874391899759774,0.19522364968584358,0.058252396873186355,70.74165572220052,6,Isoptericola_variabilis,0.34138585861294113,health_enriched
STR_Johnsonella_ignava,0.09819040653090512,0.15433537625248558,0.5246366138252061,0.07122052074527857,75.74530254493085,4,Johnsonella_ignava,0.6818234592125246,disease_enriched
STR_Kingella_denitrificans,0.04064256823970133,0.10704375921272459,0.7041816243846875,0.03308781292779289,58.37439015964312,5,Kingella_denitrificans,0.8110229742913297,disease_enriched
STR_Kingella_oralis,-0.17775976725093706,0.0766873886636373,0.02045045475877129,0,0,4,Kingella_oralis,0.06324492490212602,health_enriched
STR_Kytococcus_sedentarius,0.04364155668187158,0.06674114057402139,0.5131808208537683,0,0,6,Kytococcus_sedentarius,0.674429360444489,disease_enriched
STR_Lachnoanaerobaculum_orale,-0.052794488615088564,0.07452564774270394,0.4786925627241142,0,0,5,Lachnoanaerobaculum_orale,0.636985322509379,health_enriched
STR_Lachnoanaerobaculum_saburreum,0.21499375011053032,0.12304030626839554,0.08057767210341753,0.050574847534595485,67.72792156469282,5,Lachnoanaerobaculum_saburreum,0.17671865447158935,disease_enriched
STR_Lachnoanaerobaculum_sp_ICM7,-0.23871566299993438,0.1036215423919447,0.021238017652050863,0.028341125536543076,54.45465232779819,5,Lachnoanaerobaculum_sp_ICM7,0.06507796234665127,health_enriched
STR_Lachnospiraceae_bacterium_oral_taxon_096,-0.012077060943031136,0.14785604706136712,0.93490022006197,0.08135250077990094,76.22262388292425,5,Lachnospiraceae_bacterium_oral_taxon_096,0.9677960691892297,health_enriched
STR_Lachnospiraceae_bacterium_oral_taxon_500,0.40690330493149035,0.15277930668472697,0.007736909620614531,0.12031892956688721,90.72677156483437,6,Lachnospiraceae_bacterium_oral_taxon_500,0.028088345796578842,disease_enriched
STR_Lancefieldella_parvula,-0.10948945527111814,0.09377697512356037,0.24298769188364086,0.016321359170254693,37.562610549371,5,Lancefieldella_parvula,0.38680436501376186,health_enriched
STR_Lancefieldella_rimae,0.13655627344612234,0.0732895084096838,0.062427874662983975,0,0,5,Lancefieldella_rimae,0.1468373953340609,disease_enriched
STR_Lautropia_dentalis,-0.1547409891289448,0.11510410297484698,0.17883302060571477,0.027831490640744166,53.18501593246659,4,Lautropia_dentalis,0.32286610206653366,health_enriched
STR_Lautropia_mirabilis,-0.2824515860880869,0.10071579212953487,0.005040377295466433,0.03708743105861288,64.58306684638531,6,Lautropia_mirabilis,0.019805717843362217,health_enriched
STR_Leptotrichia_buccalis,0.3504631594275848,0.1782149948730469,0.049238698885305035,0.1390906888122006,89.98238723346867,5,Leptotrichia_buccalis,0.12748624362551847,disease_enriched
STR_Leptotrichia_hofstadii,0.10006447041435304,0.1666274131602844,0.5481542331629419,0.14182124883397193,86.43893054666995,6,Leptotrichia_hofstadii,0.6956392667627607,disease_enriched
STR_Leptotrichia_hongkongensis,-0.12959977772669537,0.07466373125275035,0.08260282161139364,0,0,4,Leptotrichia_hongkongensis,0.1782444296317123,health_enriched
STR_Leptotrichia_massiliensis,0.1928580825930598,0.1710028935912303,0.2594018757287386,0.0960572460651641,82.31953896034307,4,Leptotrichia_massiliensis,0.408680313648107,disease_enriched
STR_Leptotrichia_sp_oral_taxon_212,0.14165099608318973,0.15001543355192878,0.3450455779966369,0.11116235170526509,83.24216293273489,6,Leptotrichia_sp_oral_taxon_212,0.5036723893435199,disease_enriched
STR_Leptotrichia_sp_oral_taxon_215,-0.22830638815877494,0.17777742678056302,0.1990629012734193,0.1006405086892881,82.58877283304902,4,Leptotrichia_sp_oral_taxon_215,0.346286505340219,health_enriched
STR_Leptotrichia_sp_oral_taxon_498,0.24494009742291903,0.18119480053548262,0.176437598115026,0.14143081527229062,87.71805418717209,5,Leptotrichia_sp_oral_taxon_498,0.32027259657836243,disease_enriched
STR_Leptotrichia_trevisanii,0.2768656570914774,0.19564732001146212,0.1570314847678949,0.09767630603999836,85.18528945989485,3,Leptotrichia_trevisanii,0.29300846878478715,disease_enriched
STR_Leptotrichia_wadei,0.07507086417305374,0.16028270126929167,0.6395233394504085,0.10204610847053458,80.95232364838533,5,Leptotrichia_wadei,0.7737600263244496,disease_enriched
STR_Megasphaera_micronuciformis,-0.05608944956069794,0.07358584424575942,0.4459218397717625,0,0,5,Megasphaera_micronuciformis,0.5957515779350747,health_enriched
STR_Mitsuokella_sp_oral_taxon_131,0.14423427229118363,0.11400985752293653,0.20583422054021203,0,0,2,Mitsuokella_sp_oral_taxon_131,0.34988546928946124,disease_enriched
STR_Mogibacterium_diversum,-0.10673208612914699,0.07388738205783141,0.14859167383515992,0,0,5,Mogibacterium_diversum,0.27881808461204166,health_enriched
STR_Mogibacterium_timidum,0.43438438876158963,0.07747195558448247,2.0587695497949283e-8,0.011921786105199915,40.576091642822114,5,Mogibacterium_timidum,3.274423950626219e-7,disease_enriched
STR_Mycoplasma_salivarium,0.12960976403423907,0.08780386399546895,0.13990946659999914,0.0016675986290865129,6.955732735291034,3,Mycoplasma_salivarium,0.2685618496804581,disease_enriched
STR_Neisseria_bacilliformis,-0.11113063391689643,0.08722805940142091,0.202654940094122,0.006154649634888949,19.97104511117464,4,Neisseria_bacilliformis,0.34890077315173584,health_enriched
STR_Neisseria_elongata,0.019027819497831503,0.16636199330709744,0.9089397376334549,0.14058161443814754,86.43929468303782,6,Neisseria_elongata,0.9649403622881506,disease_enriched
STR_Neisseria_sicca,-0.0038248448589115126,0.10102358598152333,0.9697985802871955,0.033191218604945893,55.91252559528086,6,Neisseria_sicca,0.9870478036107846,health_enriched
STR_Neisseria_sp_KEM232,0.1438413913979379,0.11383357413830285,0.20636957320366428,0,0,2,Neisseria_sp_KEM232,0.34988546928946124,disease_enriched
STR_Neisseria_sp_oral_taxon_014,-0.04312676499907534,0.14119055377643058,0.7600228504202059,0.09154451566550928,79.12269208525852,6,Neisseria_sp_oral_taxon_014,0.8489887359208989,health_enriched
STR_Neisseria_subflava,-0.1657113278092509,0.09206466233024255,0.07186932459470281,0.02480044275091163,50.23164938170846,6,Neisseria_subflava,0.16300503075765946,health_enriched
STR_Olsenella_sp_oral_taxon_807,0.2870867942113991,0.11046270122054909,0.00935099920378228,0.05107822881601077,70.7472351991841,6,Olsenella_sp_oral_taxon_807,0.03287614456908717,disease_enriched
STR_Olsenella_uli,0.16234762802020206,0.08523566840739939,0.056820222849084175,0,0,3,Olsenella_uli,0.13954378258525085,disease_enriched
STR_Oribacterium_SGB5283,-0.16064730641856467,0.15756098159798232,0.30792383736228235,0.04425811369745076,59.86630269484506,3,Oribacterium_SGB5283,0.4706531189018619,health_enriched
STR_Oribacterium_asaccharolyticum,-0.1430850624538601,0.1459352460081165,0.3268544017404794,0.060644937254829244,72.32405587990743,4,Oribacterium_asaccharolyticum,0.4873632597380363,health_enriched
STR_Oribacterium_parvum,-0.3530017691457306,0.0990289039632028,3.643646731014346e-4,0.027223950313293815,56.58415745325498,5,Oribacterium_parvum,0.002212687287561439,health_enriched
STR_Oribacterium_sinus,-0.3392125982191056,0.13683491047989743,0.013175439668067127,0.07135162627538674,78.8973815950272,5,Oribacterium_sinus,0.0440059684913442,health_enriched
STR_Oribacterium_sp_oral_taxon_078,0.3037125464232311,0.11875638312052572,0.010544518021645428,0.036511566128550145,64.80163320853048,4,Oribacterium_sp_oral_taxon_078,0.03593743897173034,disease_enriched
STR_Ottowia_sp_Marseille_P4747,0.1850098110437022,0.1585311717512831,0.2432003492601497,0.10486986115621194,84.34996490839181,5,Ottowia_sp_Marseille_P4747,0.38680436501376186,disease_enriched
STR_Parvimonas_SGB6649,-0.14955512754989062,0.12033764383328888,0.2139430624034376,0.0324740870711929,57.02513776611953,4,Parvimonas_SGB6649,0.3572849142137408,health_enriched
STR_Parvimonas_micra,0.4939760865790701,0.15862892759020075,0.0018454738353170083,0.13648356396261557,95.51042030594515,6,Parvimonas_micra,0.009064533249939423,disease_enriched
STR_Pauljensenia_hongkongensis,0.09624382576290594,0.0802350505276238,0.2303244665588696,0.012009580935561192,31.391501935267147,6,Pauljensenia_hongkongensis,0.377099861915012,disease_enriched
STR_Peptidiphaga_gingivicola,0.17942701209946912,0.10522374620049693,0.08815805125259495,0.0411530965436389,62.95205937729645,6,Peptidiphaga_gingivicola,0.18635942479978934,disease_enriched
STR_Peptoanaerobacter_stomatis,0.2854474122386892,0.07925934714717583,3.1646516139922893e-4,0,0,3,Peptoanaerobacter_stomatis,0.0020326800751412012,disease_enriched
STR_Peptostreptococcaceae_bacterium_oral_taxon_113,0.2946560713977834,0.07620529855654189,1.1035928053135435e-4,0,0,4,Peptostreptococcaceae_bacterium_oral_taxon_113,8.191111043882746e-4,disease_enriched
STR_Peptostreptococcus_SGB749,-0.3475233033583826,0.10327959759808904,7.657735620973699e-4,0.03072398115480185,59.72028999622183,5,Peptostreptococcus_SGB749,0.004409799478284854,health_enriched
STR_Peptostreptococcus_stomatis,0.42094516039336066,0.10033978205973433,2.7263443211647565e-5,0.041713479580320074,71.34119473753275,6,Peptostreptococcus_stomatis,2.2764975081725715e-4,disease_enriched
STR_Phocaeicola_abscessus,0.4632394964598936,0.06993356450227546,3.496214757236477e-11,0.003900539620820505,19.821485027219342,4,Phocaeicola_abscessus,8.982582530130641e-10,disease_enriched
STR_Porphyromonas_catoniae,-0.10740516277807968,0.0820483401476945,0.1905183098320349,0.009719738874753024,28.943943715473623,5,Porphyromonas_catoniae,0.3384740185313812,health_enriched
STR_Porphyromonas_endodontalis,0.5622855019566716,0.058124798478454115,3.897781340571966e-22,0.00737520514570492,36.53642155784074,6,Porphyromonas_endodontalis,2.6037179355020732e-20,disease_enriched
STR_Porphyromonas_gingivalis,0.5561594039648436,0.05404950015090868,7.832601609013279e-25,0.003952320807538245,22.63015332799499,6,Porphyromonas_gingivalis,6.540222343526088e-23,disease_enriched
STR_Porphyromonas_pasteri,-0.35160397549329864,0.08458630118824322,3.228091014231421e-5,0.021563363637187492,52.07884407659488,6,Porphyromonas_pasteri,2.629713167690963e-4,health_enriched
STR_Porphyromonas_sp_oral_taxon_278,0.05587295619304487,0.11569589738514015,0.6291458296791199,0.04206305867709325,64.26616923325393,5,Porphyromonas_sp_oral_taxon_278,0.7664311990927195,disease_enriched
STR_Prevotella_aurantiaca,-0.0970047681111326,0.10279393546954081,0.34533226694510794,5.713542838257983e-4,1.693527363104377,3,Prevotella_aurantiaca,0.5036723893435199,health_enriched
STR_Prevotella_baroniae,0.3361389779703336,0.07408126102554188,5.694231306687706e-6,0.0080988984111502,29.52689855107764,5,Prevotella_baroniae,5.593744871863806e-5,disease_enriched
STR_Prevotella_buccae,0.283176662118013,0.08253559386700206,6.014401207488734e-4,0.0015791426335224257,7.668553889330175,3,Prevotella_buccae,0.003524228075967083,disease_enriched
STR_Prevotella_conceptionensis,0.2688792114233604,0.15690090291867317,0.08658602215212748,0.12597016139568235,87.53973872852804,6,Prevotella_conceptionensis,0.18420211082044954,disease_enriched
STR_Prevotella_dentalis,0.34133882883834843,0.0623078343942204,4.295165229766324e-8,0,0,5,Prevotella_dentalis,6.237326898878054e-7,disease_enriched
STR_Prevotella_denticola,0.18224878617896403,0.06517140909602853,0.005166691614547107,0,0,6,Prevotella_denticola,0.020065988363473647,disease_enriched
STR_Prevotella_enoeca,0.1540584775132692,0.0991733214020934,0.12032124725752617,0.008119783543678863,27.182483696269177,3,Prevotella_enoeca,0.23902933237630247,disease_enriched
STR_Prevotella_fusca,-0.015908300146625105,0.21169578270632772,0.9400977635811957,0.04775783238551918,53.05884403837341,2,Prevotella_fusca,0.9677960691892297,health_enriched
STR_Prevotella_histicola,-0.03886226557273785,0.08048137263136469,0.6291860574807973,0.004741199212528076,14.411111225135484,5,Prevotella_histicola,0.7664311990927195,health_enriched
STR_Prevotella_intermedia,0.568435051310017,0.08846540217968077,1.314308111161074e-10,0.03352784616135037,76.64567746708937,6,Prevotella_intermedia,3.1355636366271338e-9,disease_enriched
STR_Prevotella_jejuni,-0.0717346104648929,0.10394689182768749,0.49012609817985253,0.016636639112198,38.83004827126093,4,Prevotella_jejuni,0.6470439398896076,health_enriched
STR_Prevotella_koreensis,0.5638150598537417,0.0624926429494053,1.8451266416749234e-19,0,0,4,Prevotella_koreensis,1.0271204971990406e-17,disease_enriched
STR_Prevotella_loescheii,0.04614375601847417,0.0864674172743678,0.5935803567181266,0.017761133621255892,40.226036504473015,6,Prevotella_loescheii,0.7315713621544438,disease_enriched
STR_Prevotella_maculosa,0.21120131249721374,0.1422456207674576,0.13760609874460106,0.08082070098328843,80.20923156718672,5,Prevotella_maculosa,0.2656672657843743,disease_enriched
STR_Prevotella_marshii,0.32751675861943824,0.12410130683965333,0.008312448106365063,0.042399023544498725,69.05674830166026,4,Prevotella_marshii,0.02953571986729714,disease_enriched
STR_Prevotella_melaninogenica,-0.06303201174856017,0.08129788299493351,0.43814959787903374,0.005617714860985125,16.84596065672652,5,Prevotella_melaninogenica,0.5877187377172581,health_enriched
STR_Prevotella_micans,0.4984996939600059,0.10220554667298573,1.0748073067678317e-6,0.014533652370306425,46.31214357850539,3,Prevotella_micans,1.2378815188291579e-5,disease_enriched
STR_Prevotella_multiformis,0.3859740367074085,0.07794562192189874,7.351606491719592e-7,0,0,4,Prevotella_multiformis,8.769416315122657e-6,disease_enriched
STR_Prevotella_nanceiensis,-0.40571625347670914,0.11083989477635056,2.518404194342271e-4,0.04152889314247027,69.43415376296198,5,Prevotella_nanceiensis,0.0016493078449221932,health_enriched
STR_Prevotella_nigrescens,0.1966699962264715,0.0764925848943755,0.010137638940352843,0.010129022041578187,29.01912401716497,6,Prevotella_nigrescens,0.03490692171214278,disease_enriched
STR_Prevotella_oralis,0.14911458710312922,0.08152919400457428,0.06740385054786441,0.0051308502597094225,19.240431257404204,4,Prevotella_oralis,0.15633948668740774,disease_enriched
STR_Prevotella_oris,0.19610691000306602,0.06867818687847492,0.004297632013380374,0.0035570102108340553,12.479450155088783,6,Prevotella_oris,0.017294085451434276,disease_enriched
STR_Prevotella_oulorum,0.08667976398211108,0.10408129843430541,0.40495288128362156,0.039265187853065965,61.20985396060157,6,Prevotella_oulorum,0.554320747330859,disease_enriched
STR_Prevotella_pallens,-0.16596030742740087,0.07297438336645867,0.022952346224572193,0,0,5,Prevotella_pallens,0.0696916694455192,health_enriched
STR_Prevotella_pleuritidis,0.25168917069085833,0.14000877426793895,0.07222977410818443,0.07400125823709966,76.97905946885267,5,Prevotella_pleuritidis,0.16300503075765946,disease_enriched
STR_Prevotella_saccharolytica,0.22734540909748582,0.16379309176233564,0.1651359338789196,0.1145789712114963,86.16221653987917,5,Prevotella_saccharolytica,0.3013956388828368,disease_enriched
STR_Prevotella_salivae,0.002132244334007203,0.07412834922198797,0.9770526353374808,0,0,5,Prevotella_salivae,0.9870478036107846,disease_enriched
STR_Prevotella_scopos,-0.3174982496329215,0.08833704376984683,3.2542877148111164e-4,0,0,3,Prevotella_scopos,0.0020508152768809675,health_enriched
STR_Prevotella_shahii,-0.3927466475132402,0.13069624532882537,0.002655512527859175,0.04855281083139205,73.24293420692986,4,Prevotella_shahii,0.01249212935640795,health_enriched
STR_Prevotella_sp_A2879,-0.1883464989979524,0.07796347441635776,0.015699389988605518,0,0,4,Prevotella_sp_A2879,0.04993901196375469,health_enriched
STR_Prevotella_sp_F0091,0.12837544569237913,0.1320231358551091,0.3308661001188109,0.045941435397961715,66.60688183072779,4,Prevotella_sp_F0091,0.49115234417636816,disease_enriched
STR_Prevotella_sp_HJM029,-0.0919961204314414,0.07995000278525027,0.24986776185632237,0,0,4,Prevotella_sp_HJM029,0.39552527232233015,health_enriched
STR_Prevotella_sp_oral_taxon_473,0.32358068038592164,0.11198570177311556,0.003858769790768688,0.0175621560887908,46.6664271901642,3,Prevotella_sp_oral_taxon_473,0.016314292533123314,disease_enriched
STR_Prevotella_veroralis,0.22386679074059748,0.20500912053732107,0.27483989535751935,0.22819559407931597,93.36151597788884,6,Prevotella_veroralis,0.43096960117094585,disease_enriched
STR_Prevotellaceae_bacterium_Marseille_P2826,-0.4409714605851514,0.1960584615163691,0.024500822527442654,0.0931112059947752,83.91946681089549,3,Prevotellaceae_bacterium_Marseille_P2826,0.0724183603908482,health_enriched
STR_Propionibacterium_acidifaciens,0.008446048184325284,0.09673888489260679,0.9304269448231821,0,0,2,Propionibacterium_acidifaciens,0.9677960691892297,disease_enriched
STR_Pseudoleptotrichia_goodfellowii,-0.13065918064775728,0.15308557217298763,0.3933797528799003,0.029099396361163248,61.7916736264065,2,Pseudoleptotrichia_goodfellowii,0.5451818981821025,health_enriched
STR_Pseudopropionibacterium_massiliense,-0.03482957891210269,0.09704726418949616,0.7196751740299243,0,0,2,Pseudopropionibacterium_massiliense,0.8203805738088558,health_enriched
STR_Pseudopropionibacterium_propionicum,0.08457707163263523,0.14367928285867174,0.5560948629510691,0.08041275756256755,78.71640413328589,5,Pseudopropionibacterium_propionicum,0.6956392667627607,disease_enriched
STR_Pseudoramibacter_alactolyticus,0.0816845701948051,0.09692605451313165,0.3993674819929971,0,0,2,Pseudoramibacter_alactolyticus,0.5489248517928438,disease_enriched
STR_Rothia_aeria,-0.26592886964876894,0.08661071278566611,0.002137777380750784,0.0216006041394581,49.271341705756335,6,Rothia_aeria,0.010348081814069014,health_enriched
STR_Rothia_dentocariosa,-0.11808876287590866,0.06583919711048597,0.07287805805262762,0,0,6,Rothia_dentocariosa,0.1633642375139438,health_enriched
STR_Rothia_mucilaginosa,-0.30425038214603456,0.15901471667015263,0.055703603496529606,0.08223080377439432,81.63077213838889,4,Rothia_mucilaginosa,0.13954378258525085,health_enriched
STR_SR1_bacterium_human_oral_taxon_HOT_345,0.12645274172105964,0.09906401884954352,0.2017876649506549,0.014838286703170571,37.93155205705224,4,SR1_bacterium_human_oral_taxon_HOT_345,0.34890077315173584,disease_enriched
STR_Scardovia_wiggsiae,-0.04011673286891462,0.07404989326876005,0.5879888495574579,0,0,5,Scardovia_wiggsiae,0.7273639842673738,health_enriched
STR_Schaalia_cardiffensis,0.3286591967790525,0.10458998462238646,0.0016759286332165065,0,0,2,Schaalia_cardiffensis,0.008481214598398684,disease_enriched
STR_Schaalia_georgiae,0.134220657629577,0.1937738250496731,0.4885188007635985,0.05806230426858292,77.31673454883551,2,Schaalia_georgiae,0.6470439398896076,disease_enriched
STR_Schaalia_meyeri,-0.04839822907678005,0.12419030373693005,0.6967508474285136,0.023152092988541012,50.25376944111436,3,Schaalia_meyeri,0.805241463810116,health_enriched
STR_Selenomonas_SGB5880,-0.19158006150863313,0.08484844018496375,0.023951329891581708,0.004583510996617374,15.471924901012036,4,Selenomonas_SGB5880,0.07206976742151613,health_enriched
STR_Selenomonas_SGB5891,-0.005963331279481465,0.08359361469983709,0.9431294191238282,0.005443240137012071,19.31046447420627,4,Selenomonas_SGB5891,0.9677960691892297,health_enriched
STR_Selenomonas_SGB5892,0.3728381507170231,0.09969830567929369,1.842664978257978e-4,0,0,2,Selenomonas_SGB5892,0.001256020617832989,disease_enriched
STR_Selenomonas_artemidis,-0.026169909360525868,0.06648754138856036,0.6938717936586112,0,0,6,Selenomonas_artemidis,0.8046985384790839,health_enriched
STR_Selenomonas_flueggei,0.15491523099952148,0.17179647201048695,0.3671966064079467,0.06869277183559329,77.6548794848196,3,Selenomonas_flueggei,0.521887942724486,disease_enriched
STR_Selenomonas_infelix,-0.051937471470990794,0.08567393355415172,0.5443669727810985,0,0,3,Selenomonas_infelix,0.6956392667627607,health_enriched
STR_Selenomonas_massiliensis,0.2256502675910879,0.1209469574314242,0.06208389469981973,0.021325716126277598,48.55257365861711,3,Selenomonas_massiliensis,0.1468373953340609,disease_enriched
STR_Selenomonas_noxia,0.19092161882342415,0.1625155398171152,0.2400787718998158,0.13567660344920587,86.80998879374681,6,Selenomonas_noxia,0.38680436501376186,disease_enriched
STR_Selenomonas_sp_FOBRC6,0.17478295010150977,0.14566754388301373,0.23018760825058626,0.04259158395581209,67.43820166261106,3,Selenomonas_sp_FOBRC6,0.377099861915012,disease_enriched
STR_Selenomonas_sp_oral_taxon_126,0.34865054513283406,0.11627457428066493,0.0027130270603478467,0.03739186409768598,69.51148695826157,4,Selenomonas_sp_oral_taxon_126,0.012549775243576549,disease_enriched
STR_Selenomonas_sp_oral_taxon_892,-0.017462851982279416,0.10649045736720335,0.8697428462810441,0,0,2,Selenomonas_sp_oral_taxon_892,0.9386030405828071,health_enriched
STR_Selenomonas_sp_oral_taxon_920,0.19466623776605707,0.11086439030628485,0.0791063247887866,0,0,2,Selenomonas_sp_oral_taxon_920,0.17497690383744852,disease_enriched
STR_Selenomonas_sputigena,0.32115614590090896,0.13433517159306002,0.01681592898683323,0.08722857347012357,82.99280604007699,6,Selenomonas_sputigena,0.052490843753292514,disease_enriched
STR_Shuttleworthia_satelles,0.0906973742261383,0.08919656305133858,0.30923626556990497,0.007219968189835558,22.476492528776017,4,Shuttleworthia_satelles,0.4706531189018619,disease_enriched
STR_Slackia_exigua,0.014165176998038135,0.08733848862951928,0.8711585107205695,0,0,3,Slackia_exigua,0.9386030405828071,disease_enriched
STR_Solobacterium_SGB6833,-0.11704584247926307,0.07291627079499673,0.10844785263262278,0,0,5,Solobacterium_SGB6833,0.21952474411694553,health_enriched
STR_Stomatobaculum_SGB5266,-0.2552048074635033,0.11660231267206458,0.02862032010964127,0.04455838323479723,66.8716945083859,5,Stomatobaculum_SGB5266,0.08312336449234943,health_enriched
STR_Stomatobaculum_longum,0.11650338401885212,0.07342358697813467,0.11257388323736295,0,0,5,Stomatobaculum_longum,0.2265040783209592,disease_enriched
STR_Streptococcus_anginosus,0.39432665713591136,0.10287725627988084,1.265992922285452e-4,0.044220735717262774,71.61474533392237,6,Streptococcus_anginosus,9.192209479203066e-4,disease_enriched
STR_Streptococcus_constellatus,0.3894084860873569,0.0634589782833438,8.442240264227144e-10,0,0,5,Streptococcus_constellatus,1.8798054988345775e-8,disease_enriched
STR_Streptococcus_cristatus,-0.02881660677394767,0.1501443537831636,0.8478001629926084,0.1085213831370085,82.32288638534723,6,Streptococcus_cristatus,0.9278631257233589,health_enriched
STR_Streptococcus_gordonii,0.07089642130177523,0.08168310672799664,0.385424595127302,0.013354197423924498,33.70343853402129,6,Streptococcus_gordonii,0.5363825615521619,disease_enriched
STR_Streptococcus_infantis,-0.3445940680177618,0.16694847277972744,0.0390106632117932,0.11749677488753801,86.98826543657755,5,Streptococcus_infantis,0.10607241026357984,health_enriched
STR_Streptococcus_intermedius,-0.2236402659943954,0.08183838457011611,0.006281632597872789,0.004322723455530466,16.00599490720989,4,Streptococcus_intermedius,0.024007907451583033,health_enriched
STR_Streptococcus_mitis,-0.3405527269368918,0.0927067302526427,2.3930571859963326e-4,0.020971273648778252,49.34933681798616,5,Streptococcus_mitis,0.0015985622002455502,health_enriched
STR_Streptococcus_mutans,-0.0867102303210512,0.08041758996705245,0.28092240397789964,0.005109514348647263,15.599168331659282,5,Streptococcus_mutans,0.4356494645003458,health_enriched
STR_Streptococcus_oralis,-0.1937827102585622,0.12047420222925605,0.10772579617641982,0.06285457497357864,73.4302270017385,6,Streptococcus_oralis,0.2193927800178306,health_enriched
STR_Streptococcus_parasanguinis,-0.1429671241946206,0.15766185325977194,0.36451473149274516,0.09692368471551957,80.13306463269114,5,Streptococcus_parasanguinis,0.5202902577716961,health_enriched
STR_Streptococcus_rubneri,-0.12624417036493454,0.1247168178940436,0.3114201774769805,0.015391632087977137,32.410292583229456,3,Streptococcus_rubneri,0.4706531189018619,health_enriched
STR_Streptococcus_salivarius,-0.05544176570822,0.15042205764068559,0.7124447516943901,0.08582819162624863,77.54598955376645,5,Streptococcus_salivarius,0.817720093010056,health_enriched
STR_Streptococcus_sanguinis,-0.261249637848442,0.06226256904849903,2.717492353378452e-5,0,0,6,Streptococcus_sanguinis,2.2764975081725715e-4,health_enriched
STR_Streptococcus_sinensis,0.30483390602738986,0.09107647862398617,8.168819456617188e-4,0,0,3,Streptococcus_sinensis,0.004624382539847697,disease_enriched
STR_Streptococcus_sobrinus,0.25498651242152554,0.12439647731906193,0.04038503995747507,0.010370061815730866,32.731176532293716,2,Streptococcus_sobrinus,0.1079088267663734,disease_enriched
STR_Streptococcus_sp_263_SSPC,-0.35740813595465554,0.1998090369460093,0.07365531148159117,0.1798175574737558,92.3182459690292,5,Streptococcus_sp_263_SSPC,0.16400582689900967,health_enriched
STR_Streptococcus_sp_A12,-0.47318948458623195,0.09387072848271773,4.634370913511345e-7,0.02602766197278348,62.13941869456288,5,Streptococcus_sp_A12,5.732888463380701e-6,health_enriched
STR_TM7_phylum_sp_oral_taxon_348,0.06752561931455338,0.1928970814878479,0.726293408737805,0.1983059982728763,90.60968632360725,6,TM7_phylum_sp_oral_taxon_348,0.8251088384980505,disease_enriched
STR_TM7_phylum_sp_oral_taxon_350,0.3447921279586045,0.16075820687058856,0.03196987326009543,0.10836006246451814,86.00232515096214,5,TM7_phylum_sp_oral_taxon_350,0.09205118680061959,disease_enriched
STR_TM7_phylum_sp_oral_taxon_351,-0.3408035693824716,0.0660012610266016,2.4225570457213373e-7,0,0,5,TM7_phylum_sp_oral_taxon_351,3.1120540510420256e-6,health_enriched
STR_Tannerella_forsythia,0.6097067714792986,0.0995961133151379,9.252828503438632e-10,0.04879098392383657,86.00783873568801,6,Tannerella_forsythia,1.9315279500928146e-8,disease_enriched
STR_Tannerella_sp_oral_taxon_808,0.2722895548716748,0.10547216761622752,0.009833645317012724,0.02320173532971366,52.37677471247127,4,Tannerella_sp_oral_taxon_808,0.034212890998773435,disease_enriched
STR_Tannerella_sp_oral_taxon_HOT_286,0.07342603675632992,0.16844800808405475,0.6629112233191181,0.14477725222176238,86.63139681703595,6,Tannerella_sp_oral_taxon_HOT_286,0.7879443010269944,disease_enriched
STR_Treponema_SGB3601,-0.02699209078673701,0.12243055251773222,0.8255062352912514,0,0,2,Treponema_SGB3601,0.9069706664055196,health_enriched
STR_Treponema_SGB3604,0.44981417269277696,0.05979465509814468,5.3677592890342404e-14,0,0,5,Treponema_SGB3604,1.7928316025374362e-12,disease_enriched
STR_Treponema_SGB69443,0.4576019741249772,0.05603806327301552,3.1901196700960977e-16,0,0,5,Treponema_SGB69443,1.3318749622651208e-14,disease_enriched
STR_Treponema_SGB69452,0.22959509283000387,0.11262880144319222,0.04149881840250736,0.011699318432141307,30.60009522127363,3,Treponema_SGB69452,0.1091386247750981,disease_enriched
STR_Treponema_denticola,0.5434236588684747,0.0477293080906596,4.936492469028817e-30,0,0,6,Treponema_denticola,6.628754998667189e-28,disease_enriched
STR_Treponema_lecithinolyticum,0.33358786575150257,0.0703486281395489,2.1169778370432095e-6,0,0,4,Treponema_lecithinolyticum,2.35374000543511e-5,disease_enriched
STR_Treponema_maltophilum,0.4275703495875478,0.05753276643877441,1.071531339886268e-13,0,0,5,Treponema_maltophilum,2.9824288960167792e-12,disease_enriched
STR_Treponema_socranskii,0.29329522304951683,0.10252048797858432,0.004225135963548989,0.03270770857058958,62.32297480310688,5,Treponema_socranskii,0.017209700144211738,disease_enriched
STR_Treponema_sp_Marseille_Q3903,0.2847487322998819,0.13757886690814936,0.038479253876348034,0.019173349809701673,49.98668059737122,2,Treponema_sp_Marseille_Q3903,0.10607241026357984,disease_enriched
STR_Treponema_sp_Marseille_Q4130,0.4417808335705122,0.09352475801834821,2.3161714903243506e-6,0,0,2,Treponema_sp_Marseille_Q4130,2.417503993026041e-5,disease_enriched
STR_Treponema_sp_OMZ_804,0.3262421143278217,0.1449725167593715,0.024425331333077338,0.08798058761538176,84.090179836984,5,Treponema_sp_OMZ_804,0.0724183603908482,disease_enriched
STR_Treponema_vincentii,0.30826644958300653,0.10519029256179037,0.0033835179297159934,0,0,2,Treponema_vincentii,0.014869670901646601,disease_enriched
STR_Trueperella_pyogenes,-0.16808444014014098,0.1561506775902699,0.2817373782397446,0.07196747611756363,75.17946949266842,4,Trueperella_pyogenes,0.4356494645003458,health_enriched
STR_Veillonella_atypica,-4.3040286760984717e-4,0.07466259683100426,0.9954005095511408,0,0,5,Veillonella_atypica,0.9954005095511408,health_enriched
STR_Veillonella_dispar,0.012659674224477585,0.10711947686711487,0.9059228586326102,0.028251723880893635,50.57941255545711,5,Veillonella_dispar,0.9649403622881506,disease_enriched
STR_Veillonella_parvula,0.20818868706729,0.15834980517569475,0.1885975867042489,0.12729910081426746,86.54680385977878,6,Veillonella_parvula,0.3380805627787754,disease_enriched
STR_Veillonella_rogosae,-0.3788158548917478,0.12998566014670648,0.0035649904837220894,0.0626407145674709,77.68914117816698,5,Veillonella_rogosae,0.015463724955365948,health_enriched
STR_Veillonella_sp_3627,-0.008267555508588027,0.08106808352109592,0.9187702750214389,0,0,4,Veillonella_sp_3627,0.9649977102426434,health_enriched
STR_Veillonella_tobetsuensis,-0.4186912090201083,0.22354577973720516,0.06107458497505308,0.12828551919008588,87.14052512426264,3,Veillonella_tobetsuensis,0.1457065098690552,health_enriched
STR_Veillonellaceae_bacterium,0.03377207474589795,0.14791805580837789,0.8194005031784853,0,0,2,Veillonellaceae_bacterium,0.9032335579591224,disease_enriched
STR_candidate_division_SR1_bacterium_MGEHA,0.11452464642199807,0.2688375835981259,0.6701082910422801,0.3388538171004158,95.61630763623701,5,candidate_division_SR1_bacterium_MGEHA,0.7908698558590868,disease_enriched
